ID,HBA,HBD,Ratio,Temperature_C,pH,Time_h,Concentration_%,Mw_weighted,AlogP_weighted,TPSA_weighted,Yield_collagen_%
DES_0001,Betaine,mixed,1:2.59,33.7,6.3,8,73.4,117.15,-1.557,40.1,63.42
DES_0002,Tartaric_acid,mixed,1:2.2,44.2,4.1,11,85.0,150.09,-2.123,115.1,64.69
DES_0003,Oxalic_acid,mixed,1:1.0,49.8,5.9,8,60.2,90.03,-0.844,74.6,73.74
DES_0004,Glucose,mixed,1:1.09,49.5,4.7,4,78.6,180.16,-3.379,118.2,64.41
DES_0005,Sucrose,mixed,1:2.03,41.8,4.1,8,65.1,342.3,-5.396,189.5,55.04
DES_0006,Succinic_acid,mixed,1:1.48,43.7,5.8,10,65.2,118.09,-0.064,74.6,71.68
DES_0007,Proline,mixed,1:1.52,43.3,4.9,8,76.4,115.13,-0.177,49.3,69.82
DES_0008,Alanine,mixed,1:1.65,41.4,5.6,11,85.3,89.09,-0.582,63.3,73.23
DES_0009,Ethylene_glycol,mixed,1:1.54,46.6,5.1,6,76.3,62.07,-1.029,40.5,70.65
DES_0010,Choline_chloride,mixed,1:1.03,38.5,5.2,6,60.4,139.63,-3.311,20.2,55.79
DES_0011,Malonic_acid,mixed,1:2.41,44.6,6.3,4,70.8,104.06,-0.454,74.6,68.49
DES_0012,Alanine,mixed,1:1.74,43.4,6.0,8,68.2,89.09,-0.582,63.3,74.97
DES_0013,SnCl2,mixed,1:1.94,32.4,6.1,10,76.8,189.62,0.998,0.0,58.25
DES_0014,Citric_acid,mixed,1:2.42,32.2,5.3,5,86.9,192.12,-1.248,132.1,71.88
DES_0015,Proline,mixed,1:1.63,40.2,6.7,5,72.3,115.13,-0.177,49.3,68.03
DES_0016,Betaine,mixed,1:1.58,33.2,6.8,10,79.0,117.15,-1.557,40.1,66.38
DES_0017,Oxalic_acid,mixed,1:1.91,34.4,5.2,11,69.7,90.03,-0.844,74.6,67.23
DES_0018,Choline_chloride,mixed,1:1.54,43.0,4.0,6,69.1,139.63,-3.311,20.2,54.27
DES_0019,Oxalic_acid,mixed,1:2.02,38.3,4.7,4,70.1,90.03,-0.844,74.6,68.3
DES_0020,MgCl2,mixed,1:2.41,37.3,6.9,11,67.6,95.21,0.998,0.0,65.78
DES_0021,ZnCl2,mixed,1:2.42,33.0,7.0,6,89.3,136.3,1.377,0.0,59.48
DES_0022,Choline_chloride,mixed,1:2.27,43.6,5.6,7,76.6,139.63,-3.311,20.2,58.7
DES_0023,CaCl2,mixed,1:2.34,45.2,4.7,9,71.0,110.98,0.998,0.0,67.88
DES_0024,Fructose,mixed,1:2.63,46.0,4.5,8,80.9,180.16,-3.377,118.2,68.59
DES_0025,SnCl2,mixed,1:2.18,43.6,4.0,8,66.8,189.62,0.998,0.0,56.01
DES_0026,Choline_chloride,mixed,1:1.8,40.4,6.5,9,82.1,139.63,-3.311,20.2,60.5
DES_0027,Acetic_acid,mixed,1:2.85,47.5,4.8,9,84.5,60.05,0.091,37.3,75.86
DES_0028,ZnCl2,mixed,1:2.99,49.3,5.7,11,65.7,136.3,1.377,0.0,71.75
DES_0029,Citric_acid,mixed,1:1.7,44.5,6.7,11,83.4,192.12,-1.248,132.1,70.52
DES_0030,Lactic_acid,mixed,1:2.57,43.4,5.7,6,88.2,90.08,-0.548,57.5,71.59
DES_0031,FeCl3,mixed,1:1.01,33.2,5.6,9,79.6,162.2,2.066,0.0,58.63
DES_0032,Choline_chloride,mixed,1:1.99,33.6,5.1,9,81.6,139.63,-3.311,20.2,52.49
DES_0033,Choline_chloride,mixed,1:2.09,40.2,5.9,6,77.7,139.63,-3.311,20.2,58.26
DES_0034,Lactic_acid,mixed,1:2.26,45.9,5.5,8,74.8,90.08,-0.548,57.5,72.64
DES_0035,Glycerol,mixed,1:1.46,40.0,5.7,10,61.3,92.09,-1.668,60.7,67.21
DES_0036,Propylene_glycol,mixed,1:2.83,37.4,4.0,11,72.8,76.09,-0.641,40.5,66.58
DES_0037,Tartaric_acid,mixed,1:2.14,49.6,4.2,6,65.7,150.09,-2.123,115.1,68.88
DES_0038,Acetic_acid,mixed,1:2.11,48.7,6.1,8,62.9,60.05,0.091,37.3,68.44
DES_0039,Glycine,mixed,1:2.98,32.8,5.6,11,82.2,59.07,-0.508,43.1,71.02
DES_0040,Alanine,mixed,1:2.11,35.9,5.3,6,78.3,89.09,-0.582,63.3,71.74
DES_0041,Camphor,mixed,1:2.02,40.0,6.4,9,81.1,152.24,2.402,17.1,61.05
DES_0042,CaCl2,mixed,1:1.06,41.6,5.3,9,69.8,110.98,0.998,0.0,63.83
DES_0043,Menthol,mixed,1:2.09,35.7,5.8,4,61.1,156.27,2.44,20.2,56.92
DES_0044,Camphor,mixed,1:1.65,46.6,4.8,11,73.7,152.24,2.402,17.1,63.68
DES_0045,Oxalic_acid,mixed,1:1.1,40.6,5.6,9,81.8,90.03,-0.844,74.6,70.6
DES_0046,Malonic_acid,mixed,1:2.59,35.4,5.3,4,60.8,104.06,-0.454,74.6,70.38
DES_0047,Tartaric_acid,mixed,1:1.16,38.6,6.1,4,87.5,150.09,-2.123,115.1,63.55
DES_0048,Boric_acid,mixed,1:2.43,43.2,4.8,11,82.1,61.83,-2.052,60.7,66.34
DES_0049,Glycerol,mixed,1:2.22,38.4,4.7,6,82.7,92.09,-1.668,60.7,66.89
DES_0050,Sucrose,mixed,1:1.03,45.3,6.4,6,73.9,342.3,-5.396,189.5,62.97
DES_0051,Glycerol,mixed,1:1.8,42.3,5.9,4,71.2,92.09,-1.668,60.7,68.35
DES_0052,Choline_chloride,mixed,1:2.08,43.7,5.8,11,88.3,139.63,-3.311,20.2,66.27
DES_0053,Camphor,mixed,1:2.17,48.8,5.7,7,79.3,152.24,2.402,17.1,68.55
DES_0054,Glycerol,mixed,1:2.25,46.4,6.0,5,68.2,92.09,-1.668,60.7,63.67
DES_0055,Sucrose,mixed,1:1.2,30.4,4.3,9,62.1,342.3,-5.396,189.5,56.32
DES_0056,Menthol,mixed,1:1.68,35.2,5.5,9,70.5,156.27,2.44,20.2,56.43
DES_0057,Fructose,mixed,1:2.75,44.7,6.4,6,65.3,180.16,-3.377,118.2,68.54
DES_0058,Proline,mixed,1:2.46,32.6,4.8,8,86.0,115.13,-0.177,49.3,67.67
DES_0059,Glycerol,mixed,1:1.48,43.6,6.2,5,71.3,92.09,-1.668,60.7,67.94
DES_0060,FeCl3,mixed,1:1.64,47.9,5.2,4,87.2,162.2,2.066,0.0,70.12
DES_0061,Sucrose,mixed,1:1.71,49.1,6.0,7,74.8,342.3,-5.396,189.5,64.68
DES_0062,Tartaric_acid,mixed,1:2.5,45.8,6.4,4,74.8,150.09,-2.123,115.1,77.14
DES_0063,Betaine,mixed,1:2.99,31.1,6.2,8,81.2,117.15,-1.557,40.1,63.07
DES_0064,Oxalic_acid,mixed,1:1.17,44.0,4.2,10,81.2,90.03,-0.844,74.6,70.14
DES_0065,Glycerol,mixed,1:2.03,34.7,5.7,10,86.4,92.09,-1.668,60.7,66.52
DES_0066,Ethylene_glycol,mixed,1:2.51,37.5,4.3,10,76.8,62.07,-1.029,40.5,65.43
DES_0067,Thymol,mixed,1:1.5,36.6,5.3,6,72.2,150.22,2.824,20.2,62.06
DES_0068,Lactic_acid,mixed,1:1.24,43.0,6.2,8,88.9,90.08,-0.548,57.5,72.78
DES_0069,Camphor,mixed,1:1.57,47.4,4.7,11,60.4,152.24,2.402,17.1,60.74
DES_0070,Fructose,mixed,1:2.84,35.1,6.1,4,65.0,180.16,-3.377,118.2,66.01
DES_0071,Proline,mixed,1:2.39,39.1,5.9,8,87.0,115.13,-0.177,49.3,75.68
DES_0072,Lactic_acid,mixed,1:1.34,42.9,5.2,5,68.0,90.08,-0.548,57.5,67.71
DES_0073,Glycerol,mixed,1:2.95,49.7,6.1,8,69.3,92.09,-1.668,60.7,72.35
DES_0074,Ethylene_glycol,mixed,1:2.82,46.5,6.8,9,78.4,62.07,-1.029,40.5,74.6
DES_0075,ZnCl2,mixed,1:1.17,47.5,5.7,5,72.3,136.3,1.377,0.0,63.27
DES_0076,Glycine,mixed,1:1.3,41.9,5.1,11,85.3,59.07,-0.508,43.1,74.49
DES_0077,Ethylene_glycol,mixed,1:1.13,30.7,4.4,4,62.3,62.07,-1.029,40.5,65.1
DES_0078,Glycerol,mixed,1:2.99,41.1,6.3,11,85.5,92.09,-1.668,60.7,74.03
DES_0079,Proline,mixed,1:1.48,34.1,4.8,6,66.2,115.13,-0.177,49.3,67.3
DES_0080,ZnCl2,mixed,1:1.72,32.3,6.0,8,83.2,136.3,1.377,0.0,60.88
DES_0081,Thymol,mixed,1:1.62,46.3,6.9,4,83.8,150.22,2.824,20.2,60.43
DES_0082,CaCl2,mixed,1:2.51,42.4,6.1,5,64.1,110.98,0.998,0.0,72.12
DES_0083,Camphor,mixed,1:2.96,42.2,5.9,8,62.7,152.24,2.402,17.1,61.49
DES_0084,Choline_chloride,mixed,1:2.57,37.9,5.9,10,88.5,139.63,-3.311,20.2,62.76
DES_0085,Urea,mixed,1:1.92,46.8,6.3,4,61.4,60.06,-0.976,69.1,69.12
DES_0086,Fructose,mixed,1:2.16,36.8,5.6,7,77.5,180.16,-3.377,118.2,66.59
DES_0087,Fructose,mixed,1:1.28,42.8,4.5,6,86.9,180.16,-3.377,118.2,69.61
DES_0088,Acetic_acid,mixed,1:2.2,34.5,6.5,6,70.4,60.05,0.091,37.3,68.95
DES_0089,Boric_acid,mixed,1:1.18,32.4,5.4,5,70.9,61.83,-2.052,60.7,70.75
DES_0090,Citric_acid,mixed,1:1.18,39.6,6.1,8,64.7,192.12,-1.248,132.1,70.47
DES_0091,Alanine,mixed,1:1.12,35.5,6.4,9,65.5,89.09,-0.582,63.3,68.14
DES_0092,Boric_acid,mixed,1:1.47,45.2,5.6,9,61.9,61.83,-2.052,60.7,65.25
DES_0093,Thymol,mixed,1:1.5,44.3,6.7,8,76.0,150.22,2.824,20.2,60.9
DES_0094,SnCl2,mixed,1:1.79,32.1,6.2,5,76.9,189.62,0.998,0.0,55.52
DES_0095,Proline,mixed,1:1.42,36.5,4.4,11,77.8,115.13,-0.177,49.3,69.69
DES_0096,Ethylene_glycol,mixed,1:1.96,41.7,6.2,8,77.6,62.07,-1.029,40.5,71.49
DES_0097,Sucrose,mixed,1:1.26,35.7,5.1,9,77.1,342.3,-5.396,189.5,52.01
DES_0098,Boric_acid,mixed,1:1.45,37.3,5.5,10,62.6,61.83,-2.052,60.7,68.13
DES_0099,MgCl2,mixed,1:2.79,31.6,5.6,7,89.5,95.21,0.998,0.0,60.58
DES_0100,Camphor,mixed,1:2.83,30.1,6.9,7,81.7,152.24,2.402,17.1,55.26
DES_0101,FeCl3,mixed,1:2.44,40.7,5.4,10,66.2,162.2,2.066,0.0,60.36
DES_0102,Sucrose,mixed,1:1.23,42.2,4.9,8,64.6,342.3,-5.396,189.5,55.48
DES_0103,Urea,mixed,1:1.64,41.9,5.1,7,76.5,60.06,-0.976,69.1,66.58
DES_0104,Lactic_acid,mixed,1:2.62,35.1,6.0,10,77.9,90.08,-0.548,57.5,69.45
DES_0105,MgCl2,mixed,1:2.21,45.9,4.3,10,82.4,95.21,0.998,0.0,66.08
DES_0106,Fructose,mixed,1:2.88,33.6,4.2,9,77.2,180.16,-3.377,118.2,59.9
DES_0107,Lactic_acid,mixed,1:2.66,45.0,6.4,10,65.6,90.08,-0.548,57.5,74.17
DES_0108,Urea,mixed,1:1.63,41.8,6.0,7,81.4,60.06,-0.976,69.1,67.95
DES_0109,Malonic_acid,mixed,1:2.25,40.8,5.3,8,70.7,104.06,-0.454,74.6,72.73
DES_0110,Tartaric_acid,mixed,1:2.81,42.5,4.4,11,78.8,150.09,-2.123,115.1,60.3
DES_0111,Lactic_acid,mixed,1:2.39,33.3,6.6,7,82.2,90.08,-0.548,57.5,71.42
DES_0112,Thymol,mixed,1:2.49,30.7,5.7,10,86.3,150.22,2.824,20.2,59.03
DES_0113,Choline_chloride,mixed,1:1.21,40.7,5.1,7,78.1,139.63,-3.311,20.2,67.01
DES_0114,Glycine,mixed,1:1.82,45.4,4.0,8,77.0,59.07,-0.508,43.1,70.18
DES_0115,Menthol,mixed,1:1.5,36.9,4.5,11,77.5,156.27,2.44,20.2,54.47
DES_0116,Propylene_glycol,mixed,1:2.23,48.2,4.4,4,67.7,76.09,-0.641,40.5,62.76
DES_0117,Lactic_acid,mixed,1:2.74,48.6,5.7,9,87.7,90.08,-0.548,57.5,70.08
DES_0118,Camphor,mixed,1:1.75,31.4,4.2,4,85.2,152.24,2.402,17.1,56.55
DES_0119,Fructose,mixed,1:1.9,32.3,7.0,10,63.7,180.16,-3.377,118.2,70.91
DES_0120,Tartaric_acid,mixed,1:1.76,44.9,4.6,10,78.1,150.09,-2.123,115.1,69.86
DES_0121,SnCl2,mixed,1:1.8,40.7,6.8,6,70.4,189.62,0.998,0.0,60.68
DES_0122,Fructose,mixed,1:1.07,48.3,4.7,8,65.0,180.16,-3.377,118.2,70.35
DES_0123,Tartaric_acid,mixed,1:2.83,37.2,5.7,9,60.4,150.09,-2.123,115.1,64.24
DES_0124,Succinic_acid,mixed,1:1.92,41.1,6.6,8,65.5,118.09,-0.064,74.6,74.28
DES_0125,Betaine,mixed,1:2.19,31.3,6.2,5,86.9,117.15,-1.557,40.1,61.14
DES_0126,Ethylene_glycol,mixed,1:1.76,46.7,5.8,6,81.4,62.07,-1.029,40.5,68.91
DES_0127,Acetic_acid,mixed,1:2.05,38.8,5.2,8,64.7,60.05,0.091,37.3,70.5
DES_0128,Betaine,mixed,1:2.51,35.4,6.7,8,84.0,117.15,-1.557,40.1,63.93
DES_0129,CaCl2,mixed,1:1.31,44.3,6.0,4,66.7,110.98,0.998,0.0,67.12
DES_0130,Lactic_acid,mixed,1:1.21,46.0,4.5,9,67.1,90.08,-0.548,57.5,66.84
DES_0131,ZnCl2,mixed,1:2.61,49.8,5.8,10,88.9,136.3,1.377,0.0,59.33
DES_0132,Acetic_acid,mixed,1:1.03,31.7,4.6,4,65.4,60.05,0.091,37.3,64.08
DES_0133,Urea,mixed,1:2.29,44.1,6.7,8,70.1,60.06,-0.976,69.1,71.98
DES_0134,CaCl2,mixed,1:1.54,42.5,5.2,8,73.1,110.98,0.998,0.0,66.72
DES_0135,Sucrose,mixed,1:1.44,49.5,6.3,4,77.0,342.3,-5.396,189.5,61.73
DES_0136,Proline,mixed,1:1.97,40.2,6.2,9,72.1,115.13,-0.177,49.3,70.8
DES_0137,Citric_acid,mixed,1:1.28,46.7,7.0,8,65.2,192.12,-1.248,132.1,68.69
DES_0138,Proline,mixed,1:1.81,39.9,6.2,4,64.2,115.13,-0.177,49.3,71.36
DES_0139,Thymol,mixed,1:2.8,47.5,5.8,8,80.0,150.22,2.824,20.2,55.64
DES_0140,Menthol,mixed,1:1.84,37.1,6.9,5,62.7,156.27,2.44,20.2,56.24
DES_0141,Malonic_acid,mixed,1:1.49,37.8,4.9,6,81.6,104.06,-0.454,74.6,71.01
DES_0142,ZnCl2,mixed,1:1.79,49.1,4.4,7,68.1,136.3,1.377,0.0,57.25
DES_0143,Glycine,mixed,1:1.52,41.9,4.2,7,77.9,59.07,-0.508,43.1,72.27
DES_0144,Tartaric_acid,mixed,1:1.69,37.0,5.2,9,77.9,150.09,-2.123,115.1,64.52
DES_0145,FeCl3,mixed,1:1.49,46.4,6.4,9,68.2,162.2,2.066,0.0,56.06
DES_0146,Sucrose,mixed,1:2.61,49.2,6.4,9,75.6,342.3,-5.396,189.5,65.25
DES_0147,Sucrose,mixed,1:2.08,47.5,6.2,10,79.8,342.3,-5.396,189.5,63.57
DES_0148,FeCl3,mixed,1:2.81,42.9,6.1,4,80.1,162.2,2.066,0.0,61.31
DES_0149,Glucose,mixed,1:2.18,50.0,5.7,7,69.4,180.16,-3.379,118.2,68.12
DES_0150,Malonic_acid,mixed,1:2.85,49.4,6.8,7,85.9,104.06,-0.454,74.6,73.29
DES_0151,Betaine,mixed,1:1.91,40.4,5.9,9,70.9,117.15,-1.557,40.1,62.66
DES_0152,SnCl2,mixed,1:2.39,36.8,6.2,4,69.5,189.62,0.998,0.0,68.03
DES_0153,Proline,mixed,1:2.08,43.2,6.2,8,72.8,115.13,-0.177,49.3,70.04
DES_0154,SnCl2,mixed,1:2.74,30.4,6.6,8,88.2,189.62,0.998,0.0,61.35
DES_0155,SnCl2,mixed,1:1.14,30.2,4.2,4,61.1,189.62,0.998,0.0,63.21
DES_0156,Sucrose,mixed,1:2.97,45.4,5.3,7,82.1,342.3,-5.396,189.5,57.41
DES_0157,Proline,mixed,1:1.22,37.1,4.9,6,67.0,115.13,-0.177,49.3,67.2
DES_0158,Proline,mixed,1:1.78,32.5,6.9,10,67.8,115.13,-0.177,49.3,69.03
DES_0159,Camphor,mixed,1:1.84,47.6,6.8,7,78.4,152.24,2.402,17.1,66.61
DES_0160,Ethylene_glycol,mixed,1:1.24,30.9,5.2,4,88.7,62.07,-1.029,40.5,69.95
DES_0161,MgCl2,mixed,1:1.7,31.2,6.9,11,87.8,95.21,0.998,0.0,67.0
DES_0162,Proline,mixed,1:1.31,46.3,4.7,5,76.1,115.13,-0.177,49.3,68.12
DES_0163,Citric_acid,mixed,1:2.79,47.2,5.4,7,68.2,192.12,-1.248,132.1,69.99
DES_0164,ZnCl2,mixed,1:2.72,46.2,6.0,8,62.6,136.3,1.377,0.0,63.47
DES_0165,MgCl2,mixed,1:1.51,30.1,6.1,4,76.0,95.21,0.998,0.0,64.17
DES_0166,SnCl2,mixed,1:1.7,43.6,5.7,6,86.4,189.62,0.998,0.0,61.35
DES_0167,Malonic_acid,mixed,1:2.74,34.9,4.5,5,70.0,104.06,-0.454,74.6,68.89
DES_0168,Camphor,mixed,1:1.32,47.6,6.6,4,84.8,152.24,2.402,17.1,60.98
DES_0169,Glucose,mixed,1:2.64,34.6,6.7,4,76.7,180.16,-3.379,118.2,61.19
DES_0170,ZnCl2,mixed,1:1.57,42.3,6.9,9,67.8,136.3,1.377,0.0,66.06
DES_0171,Camphor,mixed,1:1.02,46.4,4.4,6,60.6,152.24,2.402,17.1,63.43
DES_0172,Camphor,mixed,1:2.27,48.6,4.3,11,80.6,152.24,2.402,17.1,59.7
DES_0173,Acetic_acid,mixed,1:2.89,33.3,6.3,9,74.2,60.05,0.091,37.3,67.54
DES_0174,Thymol,mixed,1:1.26,45.2,4.1,4,69.7,150.22,2.824,20.2,64.16
DES_0175,Glycine,mixed,1:2.64,35.1,4.0,5,74.1,59.07,-0.508,43.1,66.81
DES_0176,Fructose,mixed,1:1.44,31.6,6.0,9,68.2,180.16,-3.377,118.2,65.39
DES_0177,Proline,mixed,1:2.93,30.6,6.2,11,85.7,115.13,-0.177,49.3,61.38
DES_0178,Menthol,mixed,1:2.79,34.6,4.6,4,79.6,156.27,2.44,20.2,54.87
DES_0179,Sucrose,mixed,1:2.13,39.4,5.6,5,66.1,342.3,-5.396,189.5,62.8
DES_0180,Betaine,mixed,1:2.25,32.6,4.1,11,78.5,117.15,-1.557,40.1,53.29
DES_0181,Propylene_glycol,mixed,1:1.92,30.0,5.8,8,67.4,76.09,-0.641,40.5,61.49
DES_0182,Camphor,mixed,1:1.13,41.6,4.8,10,69.3,152.24,2.402,17.1,59.86
DES_0183,Ethylene_glycol,mixed,1:1.3,39.3,6.0,7,89.2,62.07,-1.029,40.5,71.28
DES_0184,FeCl3,mixed,1:2.72,45.6,4.1,7,63.1,162.2,2.066,0.0,62.17
DES_0185,Proline,mixed,1:1.21,41.4,4.1,7,66.3,115.13,-0.177,49.3,71.19
DES_0186,Acetic_acid,mixed,1:1.65,40.4,4.3,6,61.0,60.05,0.091,37.3,67.05
DES_0187,Succinic_acid,mixed,1:1.72,36.4,6.9,5,80.8,118.09,-0.064,74.6,72.74
DES_0188,SnCl2,mixed,1:2.79,41.9,5.8,8,69.0,189.62,0.998,0.0,61.25
DES_0189,Sucrose,mixed,1:2.74,44.3,6.4,6,84.4,342.3,-5.396,189.5,64.3
DES_0190,Menthol,mixed,1:1.96,30.8,4.5,7,81.7,156.27,2.44,20.2,55.9
DES_0191,Sucrose,mixed,1:1.49,33.2,6.6,5,89.3,342.3,-5.396,189.5,54.17
DES_0192,CaCl2,mixed,1:1.87,30.9,4.5,4,79.6,110.98,0.998,0.0,57.55
DES_0193,Glycerol,mixed,1:2.99,49.5,6.0,5,80.4,92.09,-1.668,60.7,69.68
DES_0194,Tartaric_acid,mixed,1:2.45,44.9,5.3,6,71.1,150.09,-2.123,115.1,64.12
DES_0195,Succinic_acid,mixed,1:2.01,40.9,5.5,8,60.9,118.09,-0.064,74.6,76.06
DES_0196,Glycine,mixed,1:2.8,38.4,4.8,8,87.4,59.07,-0.508,43.1,63.86
DES_0197,Sucrose,mixed,1:1.77,39.3,6.5,5,83.3,342.3,-5.396,189.5,63.94
DES_0198,Glucose,mixed,1:1.48,49.4,4.5,10,74.8,180.16,-3.379,118.2,60.8
DES_0199,Boric_acid,mixed,1:2.74,38.9,5.5,6,77.8,61.83,-2.052,60.7,65.83
DES_0200,FeCl3,mixed,1:1.8,47.2,4.0,8,78.0,162.2,2.066,0.0,55.35
DES_0201,Urea,mixed,1:2.94,39.1,4.7,4,65.1,60.06,-0.976,69.1,63.17
DES_0202,Citric_acid,mixed,1:1.86,35.0,5.9,9,65.0,192.12,-1.248,132.1,69.51
DES_0203,Succinic_acid,mixed,1:1.76,42.1,5.1,8,83.5,118.09,-0.064,74.6,69.83
DES_0204,Glycine,mixed,1:2.74,34.1,4.3,6,61.7,59.07,-0.508,43.1,71.98
DES_0205,Glycerol,mixed,1:2.87,30.8,4.4,7,88.0,92.09,-1.668,60.7,63.16
DES_0206,Propylene_glycol,mixed,1:2.38,37.9,5.4,9,60.5,76.09,-0.641,40.5,61.85
DES_0207,FeCl3,mixed,1:2.28,47.4,5.4,8,74.7,162.2,2.066,0.0,57.83
DES_0208,Ethylene_glycol,mixed,1:1.29,48.8,6.2,5,65.7,62.07,-1.029,40.5,72.87
DES_0209,CaCl2,mixed,1:2.35,38.9,6.6,5,80.8,110.98,0.998,0.0,63.96
DES_0210,Proline,mixed,1:2.66,47.3,6.3,4,83.9,115.13,-0.177,49.3,78.06
DES_0211,Urea,mixed,1:2.35,34.3,6.0,7,79.5,60.06,-0.976,69.1,70.48
DES_0212,Acetic_acid,mixed,1:2.21,36.4,6.6,11,82.6,60.05,0.091,37.3,68.33
DES_0213,Tartaric_acid,mixed,1:2.13,44.8,6.6,7,69.8,150.09,-2.123,115.1,73.79
DES_0214,Acetic_acid,mixed,1:2.76,36.3,6.6,7,68.9,60.05,0.091,37.3,72.27
DES_0215,Betaine,mixed,1:1.01,36.5,5.1,7,80.9,117.15,-1.557,40.1,60.13
DES_0216,Proline,mixed,1:2.09,38.9,4.0,8,65.1,115.13,-0.177,49.3,60.31
DES_0217,Propylene_glycol,mixed,1:2.24,39.3,5.1,10,75.6,76.09,-0.641,40.5,66.54
DES_0218,Menthol,mixed,1:1.22,33.0,5.6,5,74.3,156.27,2.44,20.2,57.23
DES_0219,Fructose,mixed,1:2.53,46.3,6.2,11,60.5,180.16,-3.377,118.2,68.82
DES_0220,FeCl3,mixed,1:2.31,37.6,4.6,7,65.8,162.2,2.066,0.0,57.39
DES_0221,Propylene_glycol,mixed,1:1.97,35.1,4.9,6,84.1,76.09,-0.641,40.5,60.66
DES_0222,Urea,mixed,1:2.44,38.0,6.9,10,75.7,60.06,-0.976,69.1,72.96
DES_0223,Betaine,mixed,1:2.36,33.6,5.6,9,63.2,117.15,-1.557,40.1,58.05
DES_0224,Urea,mixed,1:1.85,31.7,6.4,6,75.8,60.06,-0.976,69.1,70.6
DES_0225,Glycine,mixed,1:2.9,42.0,6.5,11,66.8,59.07,-0.508,43.1,73.11
DES_0226,Menthol,mixed,1:1.72,48.1,6.3,8,67.7,156.27,2.44,20.2,58.77
DES_0227,Urea,mixed,1:1.55,46.5,5.3,9,62.9,60.06,-0.976,69.1,69.89
DES_0228,Acetic_acid,mixed,1:1.31,34.7,6.6,7,76.1,60.05,0.091,37.3,76.52
DES_0229,Boric_acid,mixed,1:1.05,42.8,5.8,8,67.0,61.83,-2.052,60.7,72.83
DES_0230,FeCl3,mixed,1:2.98,32.7,6.1,7,72.8,162.2,2.066,0.0,51.82
DES_0231,Betaine,mixed,1:2.45,30.3,5.0,10,78.1,117.15,-1.557,40.1,63.17
DES_0232,Ethylene_glycol,mixed,1:1.16,31.7,6.7,5,69.7,62.07,-1.029,40.5,66.31
DES_0233,Thymol,mixed,1:1.69,42.3,5.3,10,80.1,150.22,2.824,20.2,59.59
DES_0234,Lactic_acid,mixed,1:2.76,43.0,5.6,6,70.0,90.08,-0.548,57.5,68.84
DES_0235,Oxalic_acid,mixed,1:1.1,37.6,5.1,11,73.4,90.03,-0.844,74.6,71.66
DES_0236,Menthol,mixed,1:2.92,33.5,6.1,5,76.1,156.27,2.44,20.2,52.65
DES_0237,FeCl3,mixed,1:2.64,30.0,4.9,11,74.2,162.2,2.066,0.0,51.89
DES_0238,Malonic_acid,mixed,1:1.3,49.8,6.8,8,85.3,104.06,-0.454,74.6,74.32
DES_0239,Tartaric_acid,mixed,1:1.19,35.1,6.4,10,78.3,150.09,-2.123,115.1,63.79
DES_0240,Propylene_glycol,mixed,1:1.24,34.5,5.0,7,70.4,76.09,-0.641,40.5,66.42
DES_0241,FeCl3,mixed,1:2.11,36.1,5.2,7,78.0,162.2,2.066,0.0,59.33
DES_0242,Fructose,mixed,1:2.15,41.3,5.2,8,71.9,180.16,-3.377,118.2,63.93
DES_0243,Oxalic_acid,mixed,1:2.63,37.6,6.6,10,84.2,90.03,-0.844,74.6,68.85
DES_0244,Citric_acid,mixed,1:1.65,30.5,4.5,5,88.7,192.12,-1.248,132.1,68.69
DES_0245,Acetic_acid,mixed,1:2.28,46.4,4.4,10,87.7,60.05,0.091,37.3,78.35
DES_0246,Boric_acid,mixed,1:2.66,36.4,6.9,10,80.0,61.83,-2.052,60.7,66.95
DES_0247,ZnCl2,mixed,1:1.14,30.5,4.4,11,76.5,136.3,1.377,0.0,56.72
DES_0248,Ethylene_glycol,mixed,1:2.87,47.5,4.8,10,60.0,62.07,-1.029,40.5,71.05
DES_0249,Fructose,mixed,1:2.24,43.0,4.5,4,83.4,180.16,-3.377,118.2,61.44
DES_0250,Fructose,mixed,1:2.51,42.4,4.9,7,65.1,180.16,-3.377,118.2,63.62
DES_0251,Tartaric_acid,mixed,1:1.24,36.1,4.3,9,61.9,150.09,-2.123,115.1,65.77
DES_0252,Proline,mixed,1:1.47,34.4,4.5,9,85.4,115.13,-0.177,49.3,66.03
DES_0253,Acetic_acid,mixed,1:1.26,47.7,5.3,5,71.0,60.05,0.091,37.3,76.05
DES_0254,Glycerol,mixed,1:1.77,49.3,4.7,5,72.6,92.09,-1.668,60.7,67.88
DES_0255,Oxalic_acid,mixed,1:1.52,45.2,4.4,8,66.5,90.03,-0.844,74.6,70.45
DES_0256,SnCl2,mixed,1:1.53,42.9,5.5,6,64.5,189.62,0.998,0.0,62.53
DES_0257,Urea,mixed,1:2.73,34.9,6.0,10,78.4,60.06,-0.976,69.1,68.84
DES_0258,Glucose,mixed,1:2.78,49.1,6.4,6,80.6,180.16,-3.379,118.2,70.69
DES_0259,Camphor,mixed,1:1.15,35.6,6.8,6,83.4,152.24,2.402,17.1,59.46
DES_0260,Lactic_acid,mixed,1:2.79,42.7,5.8,4,75.6,90.08,-0.548,57.5,74.73
DES_0261,Malonic_acid,mixed,1:1.21,49.8,5.3,4,61.1,104.06,-0.454,74.6,75.75
DES_0262,Malonic_acid,mixed,1:1.14,30.2,6.9,9,70.6,104.06,-0.454,74.6,73.09
DES_0263,Propylene_glycol,mixed,1:2.98,49.4,6.8,10,70.6,76.09,-0.641,40.5,76.7
DES_0264,Boric_acid,mixed,1:2.53,35.3,4.1,4,89.0,61.83,-2.052,60.7,57.55
DES_0265,Lactic_acid,mixed,1:2.54,42.5,5.1,5,63.6,90.08,-0.548,57.5,73.88
DES_0266,Citric_acid,mixed,1:2.92,39.6,6.7,6,63.8,192.12,-1.248,132.1,72.75
DES_0267,Thymol,mixed,1:2.96,42.0,5.7,9,84.4,150.22,2.824,20.2,56.83
DES_0268,Glycine,mixed,1:1.22,42.0,4.3,7,76.5,59.07,-0.508,43.1,70.05
DES_0269,Menthol,mixed,1:2.23,48.9,4.7,4,65.9,156.27,2.44,20.2,61.9
DES_0270,SnCl2,mixed,1:2.34,36.3,6.6,6,76.3,189.62,0.998,0.0,62.58
DES_0271,Tartaric_acid,mixed,1:2.51,39.2,6.5,9,83.3,150.09,-2.123,115.1,65.74
DES_0272,Boric_acid,mixed,1:2.51,35.4,5.6,9,63.2,61.83,-2.052,60.7,67.5
DES_0273,Tartaric_acid,mixed,1:2.45,46.4,4.6,8,85.2,150.09,-2.123,115.1,69.66
DES_0274,Choline_chloride,mixed,1:2.02,36.0,5.7,9,86.2,139.63,-3.311,20.2,61.9
DES_0275,Glycine,mixed,1:2.75,38.7,4.5,8,84.4,59.07,-0.508,43.1,69.84
DES_0276,Urea,mixed,1:1.2,38.0,6.4,5,76.7,60.06,-0.976,69.1,72.19
DES_0277,Propylene_glycol,mixed,1:2.23,33.8,5.1,10,76.6,76.09,-0.641,40.5,61.9
DES_0278,Malonic_acid,mixed,1:2.68,39.4,5.5,4,71.6,104.06,-0.454,74.6,67.17
DES_0279,Urea,mixed,1:2.44,47.7,5.8,7,72.4,60.06,-0.976,69.1,68.78
DES_0280,FeCl3,mixed,1:1.78,38.0,6.6,8,81.7,162.2,2.066,0.0,62.85
DES_0281,Glycerol,mixed,1:2.16,41.2,5.7,8,80.3,92.09,-1.668,60.7,65.73
DES_0282,Camphor,mixed,1:1.64,42.7,4.4,9,82.4,152.24,2.402,17.1,61.24
DES_0283,Menthol,mixed,1:2.42,45.8,5.6,7,64.4,156.27,2.44,20.2,58.98
DES_0284,Acetic_acid,mixed,1:1.74,31.3,6.4,10,82.0,60.05,0.091,37.3,63.22
DES_0285,Boric_acid,mixed,1:2.29,38.4,5.9,10,63.6,61.83,-2.052,60.7,70.69
DES_0286,Fructose,mixed,1:2.48,49.0,4.6,8,89.4,180.16,-3.377,118.2,64.52
DES_0287,SnCl2,mixed,1:1.05,30.5,6.5,6,75.5,189.62,0.998,0.0,59.24
DES_0288,Glucose,mixed,1:2.71,34.5,5.1,7,74.4,180.16,-3.379,118.2,61.23
DES_0289,Tartaric_acid,mixed,1:1.92,39.7,4.4,4,81.8,150.09,-2.123,115.1,57.87
DES_0290,FeCl3,mixed,1:1.01,31.1,4.7,5,72.0,162.2,2.066,0.0,54.23
DES_0291,Succinic_acid,mixed,1:2.31,49.1,4.2,4,68.5,118.09,-0.064,74.6,69.62
DES_0292,Camphor,mixed,1:2.57,49.5,5.1,7,85.3,152.24,2.402,17.1,59.16
DES_0293,Oxalic_acid,mixed,1:1.13,39.8,4.1,4,87.2,90.03,-0.844,74.6,68.82
DES_0294,Choline_chloride,mixed,1:2.54,31.7,4.7,9,76.4,139.63,-3.311,20.2,50.91
DES_0295,MgCl2,mixed,1:2.12,48.7,4.2,7,67.8,95.21,0.998,0.0,67.13
DES_0296,Menthol,mixed,1:1.38,36.8,4.9,11,89.0,156.27,2.44,20.2,53.82
DES_0297,Citric_acid,mixed,1:1.04,44.4,5.3,4,80.5,192.12,-1.248,132.1,71.97
DES_0298,ZnCl2,mixed,1:1.81,40.9,6.4,8,78.4,136.3,1.377,0.0,62.56
DES_0299,Propylene_glycol,mixed,1:1.92,39.7,4.5,11,85.5,76.09,-0.641,40.5,65.96
DES_0300,Alanine,mixed,1:1.92,45.0,4.9,10,63.4,89.09,-0.582,63.3,76.86
DES_0301,Thymol,mixed,1:1.92,31.0,6.4,5,67.8,150.22,2.824,20.2,55.48
DES_0302,Propylene_glycol,mixed,1:2.51,30.4,4.4,9,64.8,76.09,-0.641,40.5,61.53
DES_0303,Propylene_glycol,mixed,1:1.48,39.0,7.0,10,60.8,76.09,-0.641,40.5,69.91
DES_0304,Lactic_acid,mixed,1:1.56,37.8,6.4,6,73.6,90.08,-0.548,57.5,67.84
DES_0305,Thymol,mixed,1:1.76,45.5,6.9,5,75.7,150.22,2.824,20.2,64.64
DES_0306,Urea,mixed,1:1.55,36.2,5.9,5,86.9,60.06,-0.976,69.1,68.02
DES_0307,Acetic_acid,mixed,1:1.32,43.9,6.4,6,85.7,60.05,0.091,37.3,71.81
DES_0308,Lactic_acid,mixed,1:2.01,42.0,4.1,6,82.0,90.08,-0.548,57.5,70.0
DES_0309,Alanine,mixed,1:1.3,38.8,5.8,4,86.5,89.09,-0.582,63.3,70.12
DES_0310,Alanine,mixed,1:2.98,39.7,4.4,9,69.7,89.09,-0.582,63.3,72.87
DES_0311,Camphor,mixed,1:2.76,38.5,4.5,4,76.8,152.24,2.402,17.1,63.0
DES_0312,ZnCl2,mixed,1:1.42,37.6,6.9,6,68.9,136.3,1.377,0.0,62.74
DES_0313,Oxalic_acid,mixed,1:2.08,44.2,4.9,7,84.6,90.03,-0.844,74.6,64.43
DES_0314,ZnCl2,mixed,1:2.64,47.6,5.6,5,63.4,136.3,1.377,0.0,61.68
DES_0315,Menthol,mixed,1:1.2,34.8,4.4,6,73.5,156.27,2.44,20.2,58.68
DES_0316,Alanine,mixed,1:2.15,44.8,6.4,10,67.6,89.09,-0.582,63.3,76.34
DES_0317,Choline_chloride,mixed,1:1.25,43.5,5.0,9,62.1,139.63,-3.311,20.2,59.06
DES_0318,Camphor,mixed,1:2.98,31.5,4.2,6,86.0,152.24,2.402,17.1,54.38
DES_0319,Glycine,mixed,1:1.61,34.3,4.1,6,79.6,59.07,-0.508,43.1,68.6
DES_0320,Ethylene_glycol,mixed,1:2.8,43.0,6.6,4,65.1,62.07,-1.029,40.5,72.4
DES_0321,ZnCl2,mixed,1:1.89,39.2,6.6,8,71.4,136.3,1.377,0.0,60.58
DES_0322,MgCl2,mixed,1:1.05,49.3,4.4,9,89.2,95.21,0.998,0.0,64.9
DES_0323,SnCl2,mixed,1:2.51,46.1,4.1,11,81.8,189.62,0.998,0.0,62.74
DES_0324,Camphor,mixed,1:2.27,39.0,4.7,4,62.1,152.24,2.402,17.1,56.43
DES_0325,Proline,mixed,1:1.48,30.2,5.4,6,78.0,115.13,-0.177,49.3,62.68
DES_0326,Citric_acid,mixed,1:1.1,48.1,6.6,9,77.8,192.12,-1.248,132.1,70.31
DES_0327,Citric_acid,mixed,1:2.98,42.5,5.6,10,68.6,192.12,-1.248,132.1,65.76
DES_0328,Propylene_glycol,mixed,1:2.71,40.4,4.2,10,78.0,76.09,-0.641,40.5,65.66
DES_0329,Choline_chloride,mixed,1:2.48,40.5,4.1,10,61.9,139.63,-3.311,20.2,54.67
DES_0330,Boric_acid,mixed,1:1.87,45.5,5.8,11,73.3,61.83,-2.052,60.7,69.99
DES_0331,Lactic_acid,mixed,1:2.9,38.9,6.4,9,80.3,90.08,-0.548,57.5,69.29
DES_0332,Sucrose,mixed,1:1.98,43.0,6.9,8,82.3,342.3,-5.396,189.5,59.05
DES_0333,Choline_chloride,mixed,1:1.54,38.1,6.7,4,61.2,139.63,-3.311,20.2,61.05
DES_0334,Malonic_acid,mixed,1:1.55,49.4,5.0,7,65.9,104.06,-0.454,74.6,73.51
DES_0335,SnCl2,mixed,1:1.89,39.5,5.8,8,85.6,189.62,0.998,0.0,58.68
DES_0336,Betaine,mixed,1:2.61,41.4,5.5,6,88.0,117.15,-1.557,40.1,67.38
DES_0337,Citric_acid,mixed,1:2.63,35.7,6.5,8,86.4,192.12,-1.248,132.1,68.37
DES_0338,Fructose,mixed,1:1.09,39.0,6.8,5,71.7,180.16,-3.377,118.2,65.28
DES_0339,Malonic_acid,mixed,1:1.82,48.2,6.1,8,69.3,104.06,-0.454,74.6,72.4
DES_0340,Ethylene_glycol,mixed,1:2.66,30.8,6.6,6,80.0,62.07,-1.029,40.5,67.18
DES_0341,Choline_chloride,mixed,1:1.91,37.4,4.4,7,82.5,139.63,-3.311,20.2,57.19
DES_0342,Citric_acid,mixed,1:2.29,47.8,5.8,8,64.2,192.12,-1.248,132.1,71.96
DES_0343,Citric_acid,mixed,1:2.23,47.5,6.2,4,87.1,192.12,-1.248,132.1,73.03
DES_0344,Lactic_acid,mixed,1:2.64,43.9,5.6,7,62.5,90.08,-0.548,57.5,68.68
DES_0345,Glycine,mixed,1:1.09,32.5,5.7,6,81.9,59.07,-0.508,43.1,70.71
DES_0346,Boric_acid,mixed,1:2.7,38.1,4.2,8,85.9,61.83,-2.052,60.7,66.4
DES_0347,Camphor,mixed,1:1.45,37.7,5.4,8,82.8,152.24,2.402,17.1,58.23
DES_0348,MgCl2,mixed,1:1.75,33.3,5.3,5,86.7,95.21,0.998,0.0,60.41
DES_0349,Choline_chloride,mixed,1:2.89,36.8,5.6,7,60.2,139.63,-3.311,20.2,60.74
DES_0350,Fructose,mixed,1:1.62,43.5,5.8,6,66.5,180.16,-3.377,118.2,63.72
DES_0351,Sucrose,mixed,1:2.12,32.1,4.5,11,66.9,342.3,-5.396,189.5,54.49
DES_0352,Ethylene_glycol,mixed,1:1.77,30.8,4.1,7,64.8,62.07,-1.029,40.5,65.0
DES_0353,Acetic_acid,mixed,1:1.63,32.9,5.5,5,85.1,60.05,0.091,37.3,64.01
DES_0354,SnCl2,mixed,1:2.78,42.1,6.5,11,68.7,189.62,0.998,0.0,57.39
DES_0355,Glycine,mixed,1:1.3,30.6,6.9,10,89.4,59.07,-0.508,43.1,76.57
DES_0356,Ethylene_glycol,mixed,1:2.52,46.7,5.3,6,67.8,62.07,-1.029,40.5,64.53
DES_0357,Malonic_acid,mixed,1:1.35,40.1,6.0,5,84.9,104.06,-0.454,74.6,67.58
DES_0358,MgCl2,mixed,1:3.0,33.0,6.5,5,83.5,95.21,0.998,0.0,63.3
DES_0359,SnCl2,mixed,1:2.76,42.5,5.7,8,66.0,189.62,0.998,0.0,59.51
DES_0360,Proline,mixed,1:2.42,48.1,4.4,8,78.0,115.13,-0.177,49.3,69.69
DES_0361,Boric_acid,mixed,1:2.07,47.4,4.4,10,63.7,61.83,-2.052,60.7,66.16
DES_0362,Propylene_glycol,mixed,1:1.07,49.4,6.8,8,62.8,76.09,-0.641,40.5,75.59
DES_0363,Succinic_acid,mixed,1:2.73,41.8,5.1,6,66.1,118.09,-0.064,74.6,69.36
DES_0364,Fructose,mixed,1:2.84,37.2,6.2,11,73.7,180.16,-3.377,118.2,67.93
DES_0365,Camphor,mixed,1:2.66,45.3,5.7,11,66.0,152.24,2.402,17.1,64.6
DES_0366,Lactic_acid,mixed,1:1.12,47.7,5.3,8,78.8,90.08,-0.548,57.5,71.09
DES_0367,CaCl2,mixed,1:1.04,39.5,6.1,9,80.8,110.98,0.998,0.0,62.41
DES_0368,Alanine,mixed,1:2.64,36.7,6.2,8,83.8,89.09,-0.582,63.3,67.66
DES_0369,SnCl2,mixed,1:3.0,43.5,6.5,6,60.4,189.62,0.998,0.0,64.35
DES_0370,Choline_chloride,mixed,1:1.14,30.1,6.8,10,84.3,139.63,-3.311,20.2,57.89
DES_0371,Choline_chloride,mixed,1:2.69,42.3,4.3,7,62.3,139.63,-3.311,20.2,52.08
DES_0372,Oxalic_acid,mixed,1:1.61,41.0,5.9,8,80.9,90.03,-0.844,74.6,66.14
DES_0373,Ethylene_glycol,mixed,1:2.91,40.5,4.9,4,75.0,62.07,-1.029,40.5,69.59
DES_0374,Camphor,mixed,1:1.29,44.2,6.0,5,85.9,152.24,2.402,17.1,63.94
DES_0375,SnCl2,mixed,1:2.61,48.6,5.2,11,69.6,189.62,0.998,0.0,57.52
DES_0376,Citric_acid,mixed,1:1.44,30.7,4.6,7,82.8,192.12,-1.248,132.1,65.5
DES_0377,Proline,mixed,1:2.44,47.3,5.4,10,76.6,115.13,-0.177,49.3,72.24
DES_0378,Acetic_acid,mixed,1:2.43,46.5,6.4,8,75.6,60.05,0.091,37.3,80.04
DES_0379,Ethylene_glycol,mixed,1:2.83,44.4,5.2,5,86.5,62.07,-1.029,40.5,70.81
DES_0380,Citric_acid,mixed,1:2.5,36.4,4.0,8,61.4,192.12,-1.248,132.1,69.32
DES_0381,Boric_acid,mixed,1:2.41,31.3,6.5,4,67.4,61.83,-2.052,60.7,63.27
DES_0382,Fructose,mixed,1:2.65,32.6,5.7,10,77.2,180.16,-3.377,118.2,65.21
DES_0383,Acetic_acid,mixed,1:2.78,38.7,6.7,7,88.9,60.05,0.091,37.3,72.2
DES_0384,Menthol,mixed,1:2.13,48.6,6.5,9,64.2,156.27,2.44,20.2,61.3
DES_0385,Tartaric_acid,mixed,1:2.43,43.3,6.9,10,88.5,150.09,-2.123,115.1,67.4
DES_0386,Tartaric_acid,mixed,1:1.95,42.7,7.0,4,75.0,150.09,-2.123,115.1,73.68
DES_0387,Betaine,mixed,1:2.0,38.7,5.4,5,71.1,117.15,-1.557,40.1,62.6
DES_0388,Citric_acid,mixed,1:1.37,41.0,5.2,9,71.1,192.12,-1.248,132.1,69.26
DES_0389,Oxalic_acid,mixed,1:1.94,47.6,4.6,9,78.2,90.03,-0.844,74.6,69.23
DES_0390,Betaine,mixed,1:1.25,44.7,6.9,4,80.5,117.15,-1.557,40.1,66.47
DES_0391,Boric_acid,mixed,1:1.4,47.8,4.9,6,61.7,61.83,-2.052,60.7,68.99
DES_0392,Sucrose,mixed,1:1.2,43.8,4.7,11,85.1,342.3,-5.396,189.5,55.15
DES_0393,Proline,mixed,1:1.25,38.3,5.5,7,75.9,115.13,-0.177,49.3,68.16
DES_0394,Fructose,mixed,1:2.76,30.8,5.2,10,73.6,180.16,-3.377,118.2,60.73
DES_0395,Alanine,mixed,1:2.55,40.4,6.9,5,60.5,89.09,-0.582,63.3,73.87
DES_0396,ZnCl2,mixed,1:1.36,38.7,5.0,6,82.2,136.3,1.377,0.0,61.89
DES_0397,Betaine,mixed,1:1.7,37.4,4.0,6,79.4,117.15,-1.557,40.1,64.06
DES_0398,Lactic_acid,mixed,1:1.41,33.0,6.7,9,88.1,90.08,-0.548,57.5,71.0
DES_0399,ZnCl2,mixed,1:1.97,44.9,5.4,4,88.7,136.3,1.377,0.0,62.52
DES_0400,Glycine,mixed,1:2.12,45.5,4.6,9,78.6,59.07,-0.508,43.1,71.08
DES_0401,FeCl3,mixed,1:2.24,45.6,5.7,5,84.3,162.2,2.066,0.0,56.37
DES_0402,Camphor,mixed,1:2.29,46.2,6.8,6,81.7,152.24,2.402,17.1,67.43
DES_0403,FeCl3,mixed,1:2.78,44.2,4.2,5,60.2,162.2,2.066,0.0,55.54
DES_0404,Boric_acid,mixed,1:1.83,36.0,6.3,6,88.5,61.83,-2.052,60.7,73.28
DES_0405,Propylene_glycol,mixed,1:1.15,35.5,6.4,7,76.4,76.09,-0.641,40.5,66.63
DES_0406,Oxalic_acid,mixed,1:1.89,34.2,4.1,10,89.4,90.03,-0.844,74.6,66.59
DES_0407,Ethylene_glycol,mixed,1:2.05,37.8,6.0,4,79.1,62.07,-1.029,40.5,60.35
DES_0408,Thymol,mixed,1:2.96,41.4,4.8,7,77.8,150.22,2.824,20.2,57.98
DES_0409,CaCl2,mixed,1:1.43,30.3,4.0,10,82.0,110.98,0.998,0.0,62.44
DES_0410,Fructose,mixed,1:2.04,49.5,6.3,5,74.3,180.16,-3.377,118.2,64.63
DES_0411,Urea,mixed,1:1.49,42.8,6.0,5,77.0,60.06,-0.976,69.1,72.11
DES_0412,Citric_acid,mixed,1:2.67,45.7,5.1,8,84.1,192.12,-1.248,132.1,75.68
DES_0413,Tartaric_acid,mixed,1:1.44,36.4,6.5,9,62.9,150.09,-2.123,115.1,66.7
DES_0414,SnCl2,mixed,1:2.79,30.0,6.7,5,89.7,189.62,0.998,0.0,58.16
DES_0415,ZnCl2,mixed,1:2.99,30.9,6.3,6,71.8,136.3,1.377,0.0,60.08
DES_0416,Proline,mixed,1:1.89,35.5,5.9,11,71.6,115.13,-0.177,49.3,68.48
DES_0417,Tartaric_acid,mixed,1:1.72,43.1,4.7,5,87.5,150.09,-2.123,115.1,67.91
DES_0418,Fructose,mixed,1:2.5,34.6,6.9,5,80.4,180.16,-3.377,118.2,61.01
DES_0419,Citric_acid,mixed,1:2.9,41.6,5.3,8,75.5,192.12,-1.248,132.1,67.59
DES_0420,Camphor,mixed,1:1.86,48.1,6.5,7,82.9,152.24,2.402,17.1,65.77
DES_0421,CaCl2,mixed,1:1.95,40.0,4.6,8,65.6,110.98,0.998,0.0,64.65
DES_0422,Camphor,mixed,1:2.27,37.3,4.9,11,73.8,152.24,2.402,17.1,56.48
DES_0423,Glycine,mixed,1:2.62,46.7,5.0,9,83.1,59.07,-0.508,43.1,68.37
DES_0424,FeCl3,mixed,1:1.93,30.9,4.9,11,71.8,162.2,2.066,0.0,56.16
DES_0425,Tartaric_acid,mixed,1:2.53,30.0,5.2,8,61.6,150.09,-2.123,115.1,61.27
DES_0426,SnCl2,mixed,1:2.77,31.0,4.6,6,82.0,189.62,0.998,0.0,52.88
DES_0427,Urea,mixed,1:2.48,47.0,5.3,6,69.8,60.06,-0.976,69.1,75.14
DES_0428,Propylene_glycol,mixed,1:1.25,36.7,7.0,7,66.6,76.09,-0.641,40.5,71.14
DES_0429,Boric_acid,mixed,1:1.79,41.8,6.0,4,76.3,61.83,-2.052,60.7,65.9
DES_0430,Citric_acid,mixed,1:1.54,42.6,5.4,6,88.5,192.12,-1.248,132.1,71.99
DES_0431,Glycine,mixed,1:2.43,45.2,4.3,8,75.3,59.07,-0.508,43.1,71.75
DES_0432,MgCl2,mixed,1:1.32,33.6,4.3,10,63.7,95.21,0.998,0.0,59.79
DES_0433,Menthol,mixed,1:2.46,47.2,4.8,10,65.9,156.27,2.44,20.2,56.69
DES_0434,Succinic_acid,mixed,1:1.31,32.4,6.3,9,73.1,118.09,-0.064,74.6,66.1
DES_0435,Choline_chloride,mixed,1:1.62,39.7,5.5,7,87.2,139.63,-3.311,20.2,58.43
DES_0436,Choline_chloride,mixed,1:2.94,38.8,4.7,9,84.5,139.63,-3.311,20.2,55.47
DES_0437,FeCl3,mixed,1:2.07,40.8,5.3,6,74.5,162.2,2.066,0.0,59.61
DES_0438,FeCl3,mixed,1:1.31,36.2,4.9,10,80.2,162.2,2.066,0.0,55.58
DES_0439,Glycerol,mixed,1:1.14,36.3,6.8,10,89.5,92.09,-1.668,60.7,63.42
DES_0440,Lactic_acid,mixed,1:1.1,41.0,4.9,6,70.6,90.08,-0.548,57.5,71.26
DES_0441,Proline,mixed,1:2.87,38.6,6.6,8,67.4,115.13,-0.177,49.3,67.78
DES_0442,Citric_acid,mixed,1:2.37,36.6,4.2,6,88.3,192.12,-1.248,132.1,66.49
DES_0443,Ethylene_glycol,mixed,1:2.57,44.7,4.3,10,83.6,62.07,-1.029,40.5,69.42
DES_0444,Citric_acid,mixed,1:2.96,31.4,5.6,5,89.1,192.12,-1.248,132.1,66.8
DES_0445,Glycerol,mixed,1:2.96,41.1,4.6,8,66.1,92.09,-1.668,60.7,63.86
DES_0446,SnCl2,mixed,1:1.41,39.7,4.8,6,79.7,189.62,0.998,0.0,59.1
DES_0447,Boric_acid,mixed,1:1.29,41.9,4.5,11,62.1,61.83,-2.052,60.7,71.92
DES_0448,Malonic_acid,mixed,1:2.25,43.0,4.8,4,89.0,104.06,-0.454,74.6,68.85
DES_0449,Glycine,mixed,1:2.13,39.0,6.0,8,75.8,59.07,-0.508,43.1,76.58
DES_0450,Thymol,mixed,1:2.47,47.7,4.6,8,81.0,150.22,2.824,20.2,56.85
DES_0451,FeCl3,mixed,1:1.1,42.5,5.2,11,76.3,162.2,2.066,0.0,61.01
DES_0452,Oxalic_acid,mixed,1:2.95,32.0,4.0,7,62.8,90.03,-0.844,74.6,70.43
DES_0453,Thymol,mixed,1:1.17,46.1,6.6,10,75.4,150.22,2.824,20.2,62.49
DES_0454,Citric_acid,mixed,1:1.48,44.3,4.3,5,86.3,192.12,-1.248,132.1,65.04
DES_0455,Succinic_acid,mixed,1:1.03,35.0,4.6,6,67.4,118.09,-0.064,74.6,68.3
DES_0456,SnCl2,mixed,1:1.43,41.9,5.8,6,70.0,189.62,0.998,0.0,58.7
DES_0457,Acetic_acid,mixed,1:2.61,46.5,6.8,8,66.0,60.05,0.091,37.3,78.12
DES_0458,MgCl2,mixed,1:2.98,35.8,6.3,7,66.2,95.21,0.998,0.0,65.44
DES_0459,Fructose,mixed,1:2.08,35.4,5.1,11,80.0,180.16,-3.377,118.2,61.26
DES_0460,Menthol,mixed,1:1.5,44.1,5.3,7,79.5,156.27,2.44,20.2,64.62
DES_0461,Glycerol,mixed,1:2.57,38.4,5.5,10,78.0,92.09,-1.668,60.7,67.71
DES_0462,Betaine,mixed,1:1.11,39.8,6.8,4,82.9,117.15,-1.557,40.1,62.19
DES_0463,Propylene_glycol,mixed,1:1.02,38.2,6.8,4,75.5,76.09,-0.641,40.5,72.18
DES_0464,Glycine,mixed,1:2.37,32.2,4.9,6,67.5,59.07,-0.508,43.1,69.63
DES_0465,MgCl2,mixed,1:2.11,35.1,6.2,4,86.2,95.21,0.998,0.0,61.59
DES_0466,CaCl2,mixed,1:2.91,36.5,5.1,8,88.2,110.98,0.998,0.0,63.24
DES_0467,Choline_chloride,mixed,1:1.64,48.1,4.2,10,70.5,139.63,-3.311,20.2,62.97
DES_0468,CaCl2,mixed,1:2.68,47.2,6.2,7,78.3,110.98,0.998,0.0,66.38
DES_0469,Glycine,mixed,1:2.35,33.6,6.1,5,63.5,59.07,-0.508,43.1,71.54
DES_0470,Acetic_acid,mixed,1:1.59,40.8,5.0,7,82.0,60.05,0.091,37.3,72.75
DES_0471,Malonic_acid,mixed,1:1.48,37.1,4.3,5,75.6,104.06,-0.454,74.6,64.11
DES_0472,CaCl2,mixed,1:1.49,35.4,5.0,9,77.2,110.98,0.998,0.0,62.89
DES_0473,Fructose,mixed,1:2.11,38.3,5.3,8,80.9,180.16,-3.377,118.2,60.45
DES_0474,Acetic_acid,mixed,1:1.66,40.9,5.7,4,88.4,60.05,0.091,37.3,72.47
DES_0475,Alanine,mixed,1:2.21,32.3,5.0,5,80.8,89.09,-0.582,63.3,65.72
DES_0476,Proline,mixed,1:2.36,45.5,6.9,10,78.3,115.13,-0.177,49.3,68.38
DES_0477,Fructose,mixed,1:1.14,39.5,5.7,9,80.7,180.16,-3.377,118.2,64.74
DES_0478,Choline_chloride,mixed,1:1.93,47.5,4.6,5,68.6,139.63,-3.311,20.2,64.2
DES_0479,Betaine,mixed,1:1.9,33.7,6.6,11,74.0,117.15,-1.557,40.1,63.51
DES_0480,Lactic_acid,mixed,1:1.03,35.6,4.6,4,74.4,90.08,-0.548,57.5,65.13
DES_0481,Glycine,mixed,1:2.08,49.4,4.2,9,62.2,59.07,-0.508,43.1,74.67
DES_0482,Glycine,mixed,1:1.46,48.9,4.1,7,62.1,59.07,-0.508,43.1,69.33
DES_0483,Propylene_glycol,mixed,1:1.75,31.4,5.1,7,81.7,76.09,-0.641,40.5,69.4
DES_0484,Thymol,mixed,1:1.76,46.6,6.5,6,79.0,150.22,2.824,20.2,64.63
DES_0485,ZnCl2,mixed,1:2.55,41.0,4.2,10,77.5,136.3,1.377,0.0,61.96
DES_0486,Betaine,mixed,1:2.35,45.2,4.0,5,81.4,117.15,-1.557,40.1,66.76
DES_0487,Thymol,mixed,1:1.34,33.9,6.7,9,87.2,150.22,2.824,20.2,59.78
DES_0488,Menthol,mixed,1:2.78,41.6,5.9,5,74.2,156.27,2.44,20.2,64.55
DES_0489,Ethylene_glycol,mixed,1:2.43,37.7,5.8,5,78.0,62.07,-1.029,40.5,70.68
DES_0490,Alanine,mixed,1:1.15,43.9,5.1,10,79.8,89.09,-0.582,63.3,73.32
DES_0491,Proline,mixed,1:1.54,43.8,4.8,11,79.1,115.13,-0.177,49.3,65.67
DES_0492,Camphor,mixed,1:1.93,35.6,6.0,10,61.9,152.24,2.402,17.1,55.87
DES_0493,Tartaric_acid,mixed,1:2.63,45.6,6.3,5,62.7,150.09,-2.123,115.1,67.69
DES_0494,Camphor,mixed,1:1.43,39.3,4.8,7,86.7,152.24,2.402,17.1,62.53
DES_0495,Glycine,mixed,1:2.11,30.8,6.0,6,86.9,59.07,-0.508,43.1,66.67
DES_0496,Betaine,mixed,1:2.99,46.5,6.5,5,77.3,117.15,-1.557,40.1,69.98
DES_0497,Oxalic_acid,mixed,1:1.19,50.0,5.0,9,84.2,90.03,-0.844,74.6,69.61
DES_0498,Succinic_acid,mixed,1:2.78,47.0,5.2,4,62.4,118.09,-0.064,74.6,72.09
DES_0499,Tartaric_acid,mixed,1:1.46,30.3,6.3,8,82.9,150.09,-2.123,115.1,69.16
DES_0500,Alanine,mixed,1:1.83,38.0,5.2,4,79.1,89.09,-0.582,63.3,75.15
DES_0501,Malonic_acid,mixed,1:1.88,44.1,5.2,5,77.9,104.06,-0.454,74.6,72.64
DES_0502,Thymol,mixed,1:1.94,38.9,5.5,10,73.8,150.22,2.824,20.2,51.92
DES_0503,Oxalic_acid,mixed,1:2.19,31.1,5.4,9,80.3,90.03,-0.844,74.6,69.14
DES_0504,Tartaric_acid,mixed,1:2.26,31.1,5.9,11,62.1,150.09,-2.123,115.1,65.22
DES_0505,Boric_acid,mixed,1:1.31,42.7,5.8,5,81.2,61.83,-2.052,60.7,74.38
DES_0506,Propylene_glycol,mixed,1:1.34,30.4,6.3,8,81.0,76.09,-0.641,40.5,65.08
DES_0507,Sucrose,mixed,1:1.91,43.7,6.7,9,88.6,342.3,-5.396,189.5,61.17
DES_0508,Proline,mixed,1:1.55,48.4,5.7,8,70.6,115.13,-0.177,49.3,74.57
DES_0509,Boric_acid,mixed,1:2.41,31.3,4.7,11,78.5,61.83,-2.052,60.7,66.11
DES_0510,Fructose,mixed,1:1.42,47.3,6.7,5,82.1,180.16,-3.377,118.2,64.21
DES_0511,MgCl2,mixed,1:2.77,32.5,4.6,5,80.7,95.21,0.998,0.0,65.24
DES_0512,Glycine,mixed,1:2.69,31.2,5.0,4,89.3,59.07,-0.508,43.1,70.8
DES_0513,Proline,mixed,1:2.34,47.8,4.9,8,83.7,115.13,-0.177,49.3,66.94
DES_0514,Thymol,mixed,1:1.94,35.4,4.3,5,64.4,150.22,2.824,20.2,54.83
DES_0515,SnCl2,mixed,1:2.97,33.3,4.3,4,64.7,189.62,0.998,0.0,58.1
DES_0516,MgCl2,mixed,1:1.26,35.1,5.1,9,61.9,95.21,0.998,0.0,58.09
DES_0517,Glycerol,mixed,1:1.34,48.0,6.3,4,89.6,92.09,-1.668,60.7,68.9
DES_0518,CaCl2,mixed,1:2.41,42.3,4.5,7,83.4,110.98,0.998,0.0,61.72
DES_0519,Propylene_glycol,mixed,1:1.62,30.1,4.5,11,73.3,76.09,-0.641,40.5,64.3
DES_0520,CaCl2,mixed,1:1.11,38.4,5.4,9,77.2,110.98,0.998,0.0,63.03
DES_0521,Malonic_acid,mixed,1:2.98,43.3,4.6,4,63.8,104.06,-0.454,74.6,75.13
DES_0522,Lactic_acid,mixed,1:1.74,33.9,5.5,9,74.8,90.08,-0.548,57.5,68.87
DES_0523,Sucrose,mixed,1:2.37,43.2,4.4,10,63.7,342.3,-5.396,189.5,55.48
DES_0524,Lactic_acid,mixed,1:1.39,49.0,4.5,8,77.4,90.08,-0.548,57.5,76.2
DES_0525,Menthol,mixed,1:2.74,38.1,6.9,11,82.2,156.27,2.44,20.2,58.37
DES_0526,MgCl2,mixed,1:1.37,35.6,4.7,5,84.8,95.21,0.998,0.0,60.21
DES_0527,Boric_acid,mixed,1:2.21,41.5,5.7,6,83.6,61.83,-2.052,60.7,67.03
DES_0528,Thymol,mixed,1:2.69,45.9,4.5,9,66.6,150.22,2.824,20.2,61.34
DES_0529,Tartaric_acid,mixed,1:2.75,35.0,4.8,4,86.1,150.09,-2.123,115.1,67.16
DES_0530,Ethylene_glycol,mixed,1:1.46,35.3,5.7,5,68.8,62.07,-1.029,40.5,70.7
DES_0531,Lactic_acid,mixed,1:2.84,30.8,4.9,5,67.1,90.08,-0.548,57.5,65.94
DES_0532,Proline,mixed,1:2.55,44.0,5.8,10,75.4,115.13,-0.177,49.3,73.13
DES_0533,Betaine,mixed,1:2.87,37.5,6.1,7,80.2,117.15,-1.557,40.1,60.95
DES_0534,Glycine,mixed,1:2.82,40.2,5.5,4,61.0,59.07,-0.508,43.1,71.83
DES_0535,Choline_chloride,mixed,1:2.71,48.6,7.0,10,82.6,139.63,-3.311,20.2,60.19
DES_0536,Sucrose,mixed,1:2.45,32.2,5.8,6,65.2,342.3,-5.396,189.5,52.63
DES_0537,Choline_chloride,mixed,1:2.22,34.0,4.2,8,79.5,139.63,-3.311,20.2,55.23
DES_0538,Tartaric_acid,mixed,1:2.13,48.6,5.2,4,60.6,150.09,-2.123,115.1,65.83
DES_0539,Malonic_acid,mixed,1:2.05,45.5,4.7,6,60.9,104.06,-0.454,74.6,71.64
DES_0540,Malonic_acid,mixed,1:2.27,41.9,6.0,5,68.9,104.06,-0.454,74.6,72.6
DES_0541,Oxalic_acid,mixed,1:2.89,47.7,6.2,6,68.4,90.03,-0.844,74.6,76.38
DES_0542,CaCl2,mixed,1:1.87,45.9,4.8,5,69.4,110.98,0.998,0.0,67.11
DES_0543,Camphor,mixed,1:1.52,36.9,6.5,11,65.6,152.24,2.402,17.1,61.46
DES_0544,Sucrose,mixed,1:1.33,34.8,6.1,6,70.2,342.3,-5.396,189.5,56.57
DES_0545,Ethylene_glycol,mixed,1:1.89,40.0,4.7,7,79.9,62.07,-1.029,40.5,69.7
DES_0546,Glucose,mixed,1:1.35,35.9,4.3,11,83.5,180.16,-3.379,118.2,63.58
DES_0547,SnCl2,mixed,1:1.42,43.3,5.2,7,86.5,189.62,0.998,0.0,63.96
DES_0548,Choline_chloride,mixed,1:1.88,44.6,6.8,8,85.9,139.63,-3.311,20.2,57.38
DES_0549,Succinic_acid,mixed,1:1.24,44.7,5.6,6,74.8,118.09,-0.064,74.6,74.96
DES_0550,Propylene_glycol,mixed,1:2.26,41.7,5.2,6,61.4,76.09,-0.641,40.5,63.87
DES_0551,Sucrose,mixed,1:2.47,43.2,6.8,10,77.0,342.3,-5.396,189.5,62.7
DES_0552,Acetic_acid,mixed,1:2.12,48.9,4.2,6,83.4,60.05,0.091,37.3,72.33
DES_0553,Menthol,mixed,1:2.15,39.3,4.4,11,66.4,156.27,2.44,20.2,58.18
DES_0554,Choline_chloride,mixed,1:2.4,42.3,6.6,5,86.2,139.63,-3.311,20.2,57.73
DES_0555,Ethylene_glycol,mixed,1:2.14,35.9,6.8,10,89.5,62.07,-1.029,40.5,62.79
DES_0556,CaCl2,mixed,1:1.23,30.5,5.6,5,89.7,110.98,0.998,0.0,57.75
DES_0557,Choline_chloride,mixed,1:1.51,41.6,5.1,10,84.6,139.63,-3.311,20.2,51.26
DES_0558,Lactic_acid,mixed,1:1.32,31.0,5.7,5,85.0,90.08,-0.548,57.5,66.18
DES_0559,Alanine,mixed,1:1.96,46.8,4.7,7,84.3,89.09,-0.582,63.3,69.89
DES_0560,Proline,mixed,1:1.55,34.1,4.1,9,62.3,115.13,-0.177,49.3,68.91
DES_0561,CaCl2,mixed,1:2.06,30.7,5.4,7,64.8,110.98,0.998,0.0,60.64
DES_0562,Proline,mixed,1:2.86,46.9,4.7,5,75.4,115.13,-0.177,49.3,70.17
DES_0563,Fructose,mixed,1:1.09,43.9,5.9,5,80.4,180.16,-3.377,118.2,63.55
DES_0564,Betaine,mixed,1:1.51,32.1,5.1,7,80.3,117.15,-1.557,40.1,56.21
DES_0565,Propylene_glycol,mixed,1:1.56,34.3,4.9,8,60.9,76.09,-0.641,40.5,66.46
DES_0566,ZnCl2,mixed,1:2.11,34.6,5.5,9,88.7,136.3,1.377,0.0,54.93
DES_0567,Ethylene_glycol,mixed,1:2.67,31.0,5.4,7,69.5,62.07,-1.029,40.5,63.86
DES_0568,Oxalic_acid,mixed,1:2.06,43.5,5.3,9,84.7,90.03,-0.844,74.6,70.28
DES_0569,Ethylene_glycol,mixed,1:2.32,30.2,6.8,5,63.2,62.07,-1.029,40.5,66.81
DES_0570,Glucose,mixed,1:2.69,39.7,5.5,6,77.2,180.16,-3.379,118.2,68.45
DES_0571,Alanine,mixed,1:2.77,41.2,6.5,9,80.9,89.09,-0.582,63.3,68.25
DES_0572,Malonic_acid,mixed,1:1.69,43.4,6.4,11,72.0,104.06,-0.454,74.6,70.55
DES_0573,Alanine,mixed,1:2.24,39.1,6.3,11,65.7,89.09,-0.582,63.3,63.72
DES_0574,Thymol,mixed,1:2.88,33.6,5.9,5,69.2,150.22,2.824,20.2,53.01
DES_0575,CaCl2,mixed,1:1.83,33.2,4.5,7,82.7,110.98,0.998,0.0,57.3
DES_0576,Citric_acid,mixed,1:1.1,33.2,5.0,4,67.0,192.12,-1.248,132.1,66.45
DES_0577,Tartaric_acid,mixed,1:2.67,49.5,4.4,5,86.1,150.09,-2.123,115.1,69.01
DES_0578,Boric_acid,mixed,1:1.43,38.4,4.0,10,81.9,61.83,-2.052,60.7,67.19
DES_0579,Alanine,mixed,1:1.02,45.7,4.9,4,77.7,89.09,-0.582,63.3,72.07
DES_0580,ZnCl2,mixed,1:1.12,40.7,5.7,10,64.0,136.3,1.377,0.0,61.33
DES_0581,CaCl2,mixed,1:2.1,31.0,5.3,10,84.2,110.98,0.998,0.0,58.0
DES_0582,Tartaric_acid,mixed,1:1.18,31.8,4.6,4,78.8,150.09,-2.123,115.1,62.22
DES_0583,Glycerol,mixed,1:1.17,34.2,6.3,4,74.8,92.09,-1.668,60.7,60.43
DES_0584,Urea,mixed,1:2.39,41.1,4.6,5,68.9,60.06,-0.976,69.1,67.91
DES_0585,CaCl2,mixed,1:1.31,33.0,4.8,6,72.3,110.98,0.998,0.0,58.96
DES_0586,Urea,mixed,1:2.17,36.8,6.4,5,89.3,60.06,-0.976,69.1,71.28
DES_0587,Urea,mixed,1:2.77,47.9,4.9,5,72.3,60.06,-0.976,69.1,74.62
DES_0588,FeCl3,mixed,1:1.28,40.9,4.3,4,79.7,162.2,2.066,0.0,53.74
DES_0589,Fructose,mixed,1:1.72,43.4,4.8,4,89.8,180.16,-3.377,118.2,66.67
DES_0590,Malonic_acid,mixed,1:2.97,45.4,5.3,7,78.6,104.06,-0.454,74.6,77.54
DES_0591,MgCl2,mixed,1:2.13,47.0,4.6,11,80.7,95.21,0.998,0.0,65.38
DES_0592,Urea,mixed,1:2.21,40.5,4.8,7,74.8,60.06,-0.976,69.1,73.83
DES_0593,Choline_chloride,mixed,1:2.3,45.6,6.4,8,75.3,139.63,-3.311,20.2,60.1
DES_0594,Acetic_acid,mixed,1:2.35,46.9,5.0,9,77.8,60.05,0.091,37.3,70.97
DES_0595,ZnCl2,mixed,1:2.53,30.1,4.0,7,64.3,136.3,1.377,0.0,56.25
DES_0596,Glucose,mixed,1:1.47,42.5,6.2,5,61.8,180.16,-3.379,118.2,64.28
DES_0597,Alanine,mixed,1:1.42,32.4,6.1,4,89.9,89.09,-0.582,63.3,69.59
DES_0598,Sucrose,mixed,1:1.66,39.3,4.0,4,67.8,342.3,-5.396,189.5,52.27
DES_0599,Succinic_acid,mixed,1:1.97,45.5,6.0,9,74.8,118.09,-0.064,74.6,76.84
DES_0600,ZnCl2,mixed,1:1.1,47.8,5.7,8,75.0,136.3,1.377,0.0,65.21
DES_0601,Glucose,mixed,1:2.09,46.8,4.4,10,85.9,180.16,-3.379,118.2,64.92
DES_0602,Ethylene_glycol,mixed,1:1.59,40.5,6.1,11,83.8,62.07,-1.029,40.5,68.65
DES_0603,Choline_chloride,mixed,1:2.68,42.3,5.7,6,82.7,139.63,-3.311,20.2,56.28
DES_0604,Betaine,mixed,1:1.03,44.6,5.0,9,76.7,117.15,-1.557,40.1,64.29
DES_0605,Betaine,mixed,1:1.25,46.3,6.8,7,75.0,117.15,-1.557,40.1,70.13
DES_0606,CaCl2,mixed,1:2.46,45.6,4.4,4,81.4,110.98,0.998,0.0,62.48
DES_0607,Proline,mixed,1:2.11,33.0,4.3,10,86.8,115.13,-0.177,49.3,69.36
DES_0608,Boric_acid,mixed,1:2.33,49.8,4.7,7,74.4,61.83,-2.052,60.7,69.91
DES_0609,Sucrose,mixed,1:1.19,33.5,7.0,7,76.0,342.3,-5.396,189.5,61.66
DES_0610,Menthol,mixed,1:1.95,36.4,5.5,10,77.8,156.27,2.44,20.2,59.2
DES_0611,Alanine,mixed,1:1.27,42.6,4.4,8,80.8,89.09,-0.582,63.3,72.61
DES_0612,Urea,mixed,1:1.85,49.9,4.3,10,80.2,60.06,-0.976,69.1,74.68
DES_0613,FeCl3,mixed,1:1.57,38.9,5.9,10,65.9,162.2,2.066,0.0,58.34
DES_0614,Fructose,mixed,1:1.56,45.4,6.0,10,89.3,180.16,-3.377,118.2,63.08
DES_0615,Glycine,mixed,1:2.09,34.7,5.9,10,61.2,59.07,-0.508,43.1,74.62
DES_0616,Propylene_glycol,mixed,1:2.2,43.1,4.5,11,76.3,76.09,-0.641,40.5,68.26
DES_0617,Succinic_acid,mixed,1:2.46,37.3,5.9,7,65.7,118.09,-0.064,74.6,72.26
DES_0618,Fructose,mixed,1:2.88,40.6,6.2,11,89.3,180.16,-3.377,118.2,70.22
DES_0619,Boric_acid,mixed,1:1.61,49.3,5.9,11,80.3,61.83,-2.052,60.7,67.59
DES_0620,Citric_acid,mixed,1:1.5,32.4,5.8,11,71.3,192.12,-1.248,132.1,63.49
DES_0621,Boric_acid,mixed,1:1.93,31.5,4.5,4,75.0,61.83,-2.052,60.7,64.43
DES_0622,Oxalic_acid,mixed,1:1.77,43.2,5.3,9,61.8,90.03,-0.844,74.6,70.89
DES_0623,CaCl2,mixed,1:1.83,44.6,4.4,5,65.4,110.98,0.998,0.0,63.67
DES_0624,Acetic_acid,mixed,1:1.8,36.8,4.4,7,64.9,60.05,0.091,37.3,62.95
DES_0625,Proline,mixed,1:2.24,44.0,4.6,4,70.9,115.13,-0.177,49.3,66.45
DES_0626,Succinic_acid,mixed,1:1.16,41.3,6.7,7,68.9,118.09,-0.064,74.6,69.83
DES_0627,Alanine,mixed,1:2.12,47.4,5.1,8,75.7,89.09,-0.582,63.3,70.8
DES_0628,Citric_acid,mixed,1:2.66,31.6,5.4,9,84.9,192.12,-1.248,132.1,61.2
DES_0629,Acetic_acid,mixed,1:1.61,33.9,6.0,6,89.6,60.05,0.091,37.3,66.18
DES_0630,Sucrose,mixed,1:1.08,38.1,5.5,8,88.1,342.3,-5.396,189.5,52.55
DES_0631,FeCl3,mixed,1:2.79,33.0,6.4,8,70.3,162.2,2.066,0.0,58.41
DES_0632,Tartaric_acid,mixed,1:1.88,42.9,5.1,4,78.0,150.09,-2.123,115.1,63.86
DES_0633,Fructose,mixed,1:1.92,45.0,6.7,10,65.9,180.16,-3.377,118.2,62.63
DES_0634,Urea,mixed,1:1.71,46.0,5.7,10,78.9,60.06,-0.976,69.1,71.92
DES_0635,FeCl3,mixed,1:1.89,30.3,4.7,10,64.9,162.2,2.066,0.0,53.78
DES_0636,Proline,mixed,1:2.14,33.7,4.2,8,82.9,115.13,-0.177,49.3,65.33
DES_0637,Thymol,mixed,1:1.45,43.3,4.2,7,64.9,150.22,2.824,20.2,56.43
DES_0638,Glycine,mixed,1:2.2,37.7,6.6,11,86.5,59.07,-0.508,43.1,68.8
DES_0639,Lactic_acid,mixed,1:2.68,32.9,5.5,4,62.1,90.08,-0.548,57.5,72.59
DES_0640,Alanine,mixed,1:1.4,35.2,4.3,11,83.3,89.09,-0.582,63.3,72.86
DES_0641,ZnCl2,mixed,1:1.37,40.8,5.9,4,88.4,136.3,1.377,0.0,60.36
DES_0642,FeCl3,mixed,1:2.87,49.7,6.4,10,80.4,162.2,2.066,0.0,64.8
DES_0643,Urea,mixed,1:1.72,49.8,6.1,11,64.3,60.06,-0.976,69.1,77.28
DES_0644,Acetic_acid,mixed,1:2.34,33.4,4.2,6,83.0,60.05,0.091,37.3,60.5
DES_0645,Citric_acid,mixed,1:1.83,30.5,5.0,5,63.0,192.12,-1.248,132.1,66.65
DES_0646,Alanine,mixed,1:2.93,32.3,5.5,5,61.5,89.09,-0.582,63.3,69.26
DES_0647,Acetic_acid,mixed,1:2.6,43.6,5.6,7,87.7,60.05,0.091,37.3,71.01
DES_0648,FeCl3,mixed,1:2.29,46.9,5.0,9,88.8,162.2,2.066,0.0,58.75
DES_0649,Ethylene_glycol,mixed,1:1.45,38.0,5.2,11,65.4,62.07,-1.029,40.5,65.43
DES_0650,CaCl2,mixed,1:1.55,44.6,5.1,8,62.0,110.98,0.998,0.0,67.2
DES_0651,Proline,mixed,1:2.91,47.8,6.0,7,80.3,115.13,-0.177,49.3,75.25
DES_0652,Boric_acid,mixed,1:1.27,43.5,5.2,5,64.8,61.83,-2.052,60.7,73.85
DES_0653,CaCl2,mixed,1:2.14,38.7,4.4,7,70.6,110.98,0.998,0.0,64.58
DES_0654,Fructose,mixed,1:1.84,37.2,5.8,8,64.8,180.16,-3.377,118.2,60.58
DES_0655,FeCl3,mixed,1:1.4,36.3,4.7,4,84.8,162.2,2.066,0.0,55.73
DES_0656,Alanine,mixed,1:2.13,35.2,6.1,8,83.9,89.09,-0.582,63.3,64.32
DES_0657,Menthol,mixed,1:2.03,32.6,5.3,6,87.4,156.27,2.44,20.2,57.3
DES_0658,ZnCl2,mixed,1:1.58,30.1,5.5,6,82.0,136.3,1.377,0.0,57.03
DES_0659,Ethylene_glycol,mixed,1:1.64,32.1,4.4,8,61.8,62.07,-1.029,40.5,61.82
DES_0660,SnCl2,mixed,1:2.79,33.9,4.1,10,77.3,189.62,0.998,0.0,55.42
DES_0661,FeCl3,mixed,1:1.63,42.5,6.4,8,68.9,162.2,2.066,0.0,57.69
DES_0662,Choline_chloride,mixed,1:1.54,34.0,4.7,6,76.7,139.63,-3.311,20.2,51.48
DES_0663,Oxalic_acid,mixed,1:2.18,31.3,6.5,5,81.7,90.03,-0.844,74.6,71.09
DES_0664,Acetic_acid,mixed,1:1.57,38.0,6.4,4,79.5,60.05,0.091,37.3,73.68
DES_0665,Citric_acid,mixed,1:1.62,35.9,4.8,6,76.7,192.12,-1.248,132.1,70.66
DES_0666,Glycine,mixed,1:2.33,43.6,6.8,11,81.6,59.07,-0.508,43.1,76.23
DES_0667,Citric_acid,mixed,1:2.76,31.0,4.7,11,67.7,192.12,-1.248,132.1,64.68
DES_0668,Ethylene_glycol,mixed,1:1.42,38.3,5.1,11,61.2,62.07,-1.029,40.5,66.09
DES_0669,Betaine,mixed,1:1.63,38.2,4.6,11,79.4,117.15,-1.557,40.1,62.47
DES_0670,Malonic_acid,mixed,1:2.77,33.0,4.5,6,61.6,104.06,-0.454,74.6,68.56
DES_0671,Ethylene_glycol,mixed,1:2.34,44.6,5.7,5,75.1,62.07,-1.029,40.5,67.74
DES_0672,Boric_acid,mixed,1:1.63,42.7,5.2,4,75.7,61.83,-2.052,60.7,62.36
DES_0673,Alanine,mixed,1:2.62,46.5,6.4,6,83.0,89.09,-0.582,63.3,74.29
DES_0674,Urea,mixed,1:1.75,36.8,4.2,7,63.3,60.06,-0.976,69.1,65.43
DES_0675,Lactic_acid,mixed,1:1.16,42.0,5.5,8,87.8,90.08,-0.548,57.5,71.17
DES_0676,Urea,mixed,1:1.29,43.8,6.8,9,69.9,60.06,-0.976,69.1,74.61
DES_0677,Proline,mixed,1:2.34,34.6,4.7,6,61.9,115.13,-0.177,49.3,63.82
DES_0678,Boric_acid,mixed,1:2.32,45.0,6.4,11,69.4,61.83,-2.052,60.7,69.5
DES_0679,Thymol,mixed,1:2.61,49.7,5.8,4,79.4,150.22,2.824,20.2,66.24
DES_0680,Ethylene_glycol,mixed,1:1.11,44.3,5.4,10,71.5,62.07,-1.029,40.5,73.35
DES_0681,Citric_acid,mixed,1:2.64,43.5,5.9,7,77.3,192.12,-1.248,132.1,70.61
DES_0682,Alanine,mixed,1:2.66,46.6,6.1,4,85.2,89.09,-0.582,63.3,66.94
DES_0683,Alanine,mixed,1:2.39,37.3,6.6,9,63.4,89.09,-0.582,63.3,73.36
DES_0684,Glycine,mixed,1:1.14,37.0,6.6,5,80.9,59.07,-0.508,43.1,69.57
DES_0685,Glycine,mixed,1:2.73,32.6,6.9,8,89.9,59.07,-0.508,43.1,69.01
DES_0686,ZnCl2,mixed,1:1.74,37.1,5.0,8,73.2,136.3,1.377,0.0,60.03
DES_0687,CaCl2,mixed,1:2.01,40.2,4.4,11,67.5,110.98,0.998,0.0,62.45
DES_0688,MgCl2,mixed,1:2.06,39.4,5.2,10,86.9,95.21,0.998,0.0,61.47
DES_0689,Acetic_acid,mixed,1:2.3,38.4,5.4,6,82.6,60.05,0.091,37.3,63.7
DES_0690,Oxalic_acid,mixed,1:1.62,46.9,4.8,4,71.3,90.03,-0.844,74.6,71.92
DES_0691,Glycerol,mixed,1:1.41,38.4,4.7,4,87.5,92.09,-1.668,60.7,67.0
DES_0692,CaCl2,mixed,1:2.51,44.7,6.6,9,67.0,110.98,0.998,0.0,67.83
DES_0693,Choline_chloride,mixed,1:1.24,40.2,5.0,6,78.6,139.63,-3.311,20.2,55.46
DES_0694,Urea,mixed,1:2.84,32.2,4.7,10,68.2,60.06,-0.976,69.1,68.37
DES_0695,Proline,mixed,1:1.78,46.0,5.0,7,80.3,115.13,-0.177,49.3,73.51
DES_0696,CaCl2,mixed,1:2.34,30.6,5.6,4,84.2,110.98,0.998,0.0,60.45
DES_0697,Acetic_acid,mixed,1:2.97,45.1,4.7,8,89.8,60.05,0.091,37.3,68.0
DES_0698,Thymol,mixed,1:1.65,49.1,4.4,4,87.1,150.22,2.824,20.2,63.87
DES_0699,Thymol,mixed,1:1.0,36.2,4.7,5,62.0,150.22,2.824,20.2,57.16
DES_0700,CaCl2,mixed,1:1.45,37.3,5.3,11,84.2,110.98,0.998,0.0,58.04
DES_0701,Malonic_acid,mixed,1:1.66,32.1,6.9,4,68.9,104.06,-0.454,74.6,66.85
DES_0702,FeCl3,mixed,1:2.69,48.3,6.2,6,69.8,162.2,2.066,0.0,58.16
DES_0703,ZnCl2,mixed,1:2.82,33.8,6.5,8,62.3,136.3,1.377,0.0,59.84
DES_0704,Boric_acid,mixed,1:1.03,40.2,6.3,11,87.3,61.83,-2.052,60.7,68.93
DES_0705,FeCl3,mixed,1:2.61,49.6,5.8,8,86.4,162.2,2.066,0.0,68.0
DES_0706,ZnCl2,mixed,1:1.34,36.2,5.5,10,82.2,136.3,1.377,0.0,56.17
DES_0707,Succinic_acid,mixed,1:2.33,32.4,5.2,10,66.6,118.09,-0.064,74.6,66.41
DES_0708,Thymol,mixed,1:1.7,30.9,4.5,7,88.4,150.22,2.824,20.2,52.15
DES_0709,ZnCl2,mixed,1:2.53,32.2,6.9,7,83.3,136.3,1.377,0.0,64.04
DES_0710,CaCl2,mixed,1:2.27,39.0,5.6,9,84.8,110.98,0.998,0.0,58.46
DES_0711,Acetic_acid,mixed,1:2.85,46.4,5.7,9,87.8,60.05,0.091,37.3,75.93
DES_0712,Urea,mixed,1:2.1,34.8,5.3,11,79.7,60.06,-0.976,69.1,70.14
DES_0713,Malonic_acid,mixed,1:2.29,42.0,6.1,6,84.7,104.06,-0.454,74.6,71.54
DES_0714,Acetic_acid,mixed,1:1.95,37.6,5.6,7,66.0,60.05,0.091,37.3,65.46
DES_0715,Camphor,mixed,1:1.05,43.8,4.9,4,78.3,152.24,2.402,17.1,57.88
DES_0716,Ethylene_glycol,mixed,1:2.09,34.1,5.6,5,85.5,62.07,-1.029,40.5,62.38
DES_0717,FeCl3,mixed,1:1.49,46.2,5.0,4,77.1,162.2,2.066,0.0,64.55
DES_0718,Tartaric_acid,mixed,1:2.09,47.7,5.7,8,65.9,150.09,-2.123,115.1,72.32
DES_0719,Alanine,mixed,1:1.6,42.0,4.6,11,63.4,89.09,-0.582,63.3,69.57
DES_0720,MgCl2,mixed,1:2.19,47.6,4.1,6,74.0,95.21,0.998,0.0,63.77
DES_0721,Glycerol,mixed,1:2.75,31.7,5.5,9,67.9,92.09,-1.668,60.7,67.84
DES_0722,SnCl2,mixed,1:1.7,48.2,5.7,10,84.4,189.62,0.998,0.0,63.87
DES_0723,SnCl2,mixed,1:1.87,47.0,5.1,10,88.2,189.62,0.998,0.0,65.72
DES_0724,Alanine,mixed,1:1.08,44.9,5.3,4,61.9,89.09,-0.582,63.3,73.41
DES_0725,Alanine,mixed,1:1.9,45.0,5.1,9,65.6,89.09,-0.582,63.3,71.96
DES_0726,Menthol,mixed,1:2.19,39.7,4.1,7,63.2,156.27,2.44,20.2,62.36
DES_0727,Urea,mixed,1:2.43,49.1,5.3,7,86.9,60.06,-0.976,69.1,78.74
DES_0728,MgCl2,mixed,1:2.36,43.3,5.5,7,61.6,95.21,0.998,0.0,65.36
DES_0729,Glucose,mixed,1:2.95,34.8,6.0,10,76.5,180.16,-3.379,118.2,64.27
DES_0730,SnCl2,mixed,1:1.98,44.0,6.6,7,69.3,189.62,0.998,0.0,60.28
DES_0731,Sucrose,mixed,1:2.3,31.4,6.7,4,69.8,342.3,-5.396,189.5,57.98
DES_0732,Malonic_acid,mixed,1:1.38,41.1,5.8,5,85.5,104.06,-0.454,74.6,75.05
DES_0733,Glycerol,mixed,1:2.55,47.0,4.5,7,65.0,92.09,-1.668,60.7,68.85
DES_0734,Glycine,mixed,1:1.28,35.7,5.6,9,85.1,59.07,-0.508,43.1,74.16
DES_0735,Oxalic_acid,mixed,1:2.72,43.3,5.3,11,81.6,90.03,-0.844,74.6,71.15
DES_0736,Propylene_glycol,mixed,1:2.06,46.4,4.3,10,84.3,76.09,-0.641,40.5,71.38
DES_0737,Choline_chloride,mixed,1:2.13,42.0,4.5,7,78.5,139.63,-3.311,20.2,57.39
DES_0738,ZnCl2,mixed,1:1.37,36.6,5.5,4,67.5,136.3,1.377,0.0,60.46
DES_0739,ZnCl2,mixed,1:2.06,36.7,5.6,5,84.2,136.3,1.377,0.0,66.01
DES_0740,Boric_acid,mixed,1:2.5,46.1,4.4,4,86.8,61.83,-2.052,60.7,65.44
DES_0741,CaCl2,mixed,1:2.0,36.6,6.2,4,74.2,110.98,0.998,0.0,64.68
DES_0742,Menthol,mixed,1:1.1,42.5,4.2,6,80.2,156.27,2.44,20.2,57.76
DES_0743,Tartaric_acid,mixed,1:2.04,42.3,4.7,7,72.9,150.09,-2.123,115.1,66.16
DES_0744,Thymol,mixed,1:1.51,46.6,5.1,11,74.0,150.22,2.824,20.2,61.95
DES_0745,CaCl2,mixed,1:1.07,31.1,6.5,4,61.4,110.98,0.998,0.0,65.13
DES_0746,Acetic_acid,mixed,1:1.2,37.9,5.9,10,70.4,60.05,0.091,37.3,69.57
DES_0747,Acetic_acid,mixed,1:1.66,36.3,4.3,6,63.0,60.05,0.091,37.3,72.6
DES_0748,Urea,mixed,1:2.7,43.7,4.9,5,68.0,60.06,-0.976,69.1,73.48
DES_0749,Alanine,mixed,1:1.64,48.5,4.2,7,87.4,89.09,-0.582,63.3,73.82
DES_0750,Ethylene_glycol,mixed,1:1.63,34.4,5.5,4,82.6,62.07,-1.029,40.5,73.11
DES_0751,ZnCl2,mixed,1:1.03,49.3,5.1,8,62.4,136.3,1.377,0.0,64.8
DES_0752,MgCl2,mixed,1:1.69,30.7,6.2,10,64.8,95.21,0.998,0.0,62.33
DES_0753,Ethylene_glycol,mixed,1:2.3,48.0,5.9,5,69.3,62.07,-1.029,40.5,73.35
DES_0754,Glycine,mixed,1:1.37,45.1,5.4,5,78.5,59.07,-0.508,43.1,74.61
DES_0755,Glycerol,mixed,1:2.99,39.0,4.8,7,85.4,92.09,-1.668,60.7,67.06
DES_0756,Glucose,mixed,1:1.07,38.9,6.4,11,62.6,180.16,-3.379,118.2,65.87
DES_0757,Sucrose,mixed,1:1.81,42.7,5.9,4,89.3,342.3,-5.396,189.5,58.57
DES_0758,Ethylene_glycol,mixed,1:2.35,37.3,6.8,6,70.0,62.07,-1.029,40.5,64.95
DES_0759,MgCl2,mixed,1:2.25,48.5,7.0,4,67.1,95.21,0.998,0.0,65.46
DES_0760,Boric_acid,mixed,1:1.57,36.1,6.9,9,81.5,61.83,-2.052,60.7,62.89
DES_0761,FeCl3,mixed,1:1.81,34.8,5.9,9,85.5,162.2,2.066,0.0,58.15
DES_0762,FeCl3,mixed,1:1.65,45.1,5.2,8,73.3,162.2,2.066,0.0,64.51
DES_0763,Glycine,mixed,1:1.58,48.5,4.7,6,71.1,59.07,-0.508,43.1,69.03
DES_0764,Thymol,mixed,1:1.11,41.7,6.7,5,77.9,150.22,2.824,20.2,61.52
DES_0765,Oxalic_acid,mixed,1:2.59,31.5,4.8,8,67.7,90.03,-0.844,74.6,66.98
DES_0766,Glycine,mixed,1:2.96,38.4,5.5,11,81.5,59.07,-0.508,43.1,73.66
DES_0767,Alanine,mixed,1:2.07,44.3,5.3,11,68.8,89.09,-0.582,63.3,75.95
DES_0768,Proline,mixed,1:1.17,47.3,5.4,4,76.5,115.13,-0.177,49.3,70.5
DES_0769,MgCl2,mixed,1:2.45,47.5,4.7,5,61.9,95.21,0.998,0.0,63.35
DES_0770,Tartaric_acid,mixed,1:1.58,39.4,6.6,6,65.8,150.09,-2.123,115.1,71.83
DES_0771,Urea,mixed,1:1.6,45.6,5.4,5,65.0,60.06,-0.976,69.1,73.63
DES_0772,Glycerol,mixed,1:1.01,39.1,5.0,4,73.5,92.09,-1.668,60.7,65.61
DES_0773,Glucose,mixed,1:2.42,49.7,4.2,4,81.6,180.16,-3.379,118.2,62.61
DES_0774,Tartaric_acid,mixed,1:1.16,30.9,4.1,5,72.4,150.09,-2.123,115.1,61.73
DES_0775,Lactic_acid,mixed,1:1.86,30.5,6.4,4,82.9,90.08,-0.548,57.5,67.38
DES_0776,Proline,mixed,1:2.97,35.0,5.5,11,83.6,115.13,-0.177,49.3,70.21
DES_0777,Thymol,mixed,1:2.23,48.5,6.9,8,73.6,150.22,2.824,20.2,63.51
DES_0778,Oxalic_acid,mixed,1:2.9,46.5,6.1,8,84.6,90.03,-0.844,74.6,69.66
DES_0779,SnCl2,mixed,1:1.17,33.1,5.3,8,67.8,189.62,0.998,0.0,55.87
DES_0780,Tartaric_acid,mixed,1:1.94,44.3,5.2,6,70.4,150.09,-2.123,115.1,68.05
DES_0781,Citric_acid,mixed,1:1.01,46.2,6.8,4,64.8,192.12,-1.248,132.1,73.32
DES_0782,Proline,mixed,1:1.05,40.7,6.1,9,66.4,115.13,-0.177,49.3,71.5
DES_0783,Acetic_acid,mixed,1:1.58,40.8,5.6,7,65.1,60.05,0.091,37.3,78.25
DES_0784,Citric_acid,mixed,1:1.54,32.1,4.9,4,80.0,192.12,-1.248,132.1,66.55
DES_0785,Acetic_acid,mixed,1:1.74,45.4,4.5,7,70.4,60.05,0.091,37.3,75.08
DES_0786,MgCl2,mixed,1:1.67,40.3,6.4,6,81.2,95.21,0.998,0.0,63.82
DES_0787,Tartaric_acid,mixed,1:1.45,40.1,4.8,4,79.4,150.09,-2.123,115.1,58.37
DES_0788,Propylene_glycol,mixed,1:1.16,44.1,6.0,10,67.3,76.09,-0.641,40.5,72.19
DES_0789,Lactic_acid,mixed,1:2.17,44.4,5.1,4,73.7,90.08,-0.548,57.5,73.46
DES_0790,Propylene_glycol,mixed,1:1.25,42.0,5.7,8,80.7,76.09,-0.641,40.5,68.57
DES_0791,Betaine,mixed,1:2.93,38.9,5.0,8,80.6,117.15,-1.557,40.1,66.52
DES_0792,Oxalic_acid,mixed,1:1.21,46.4,4.4,9,61.4,90.03,-0.844,74.6,68.16
DES_0793,Glucose,mixed,1:1.64,33.8,4.9,11,72.3,180.16,-3.379,118.2,67.5
DES_0794,Menthol,mixed,1:2.57,38.1,4.0,10,71.4,156.27,2.44,20.2,52.36
DES_0795,Betaine,mixed,1:2.35,31.3,5.8,9,66.3,117.15,-1.557,40.1,61.96
DES_0796,SnCl2,mixed,1:2.88,43.5,4.4,4,74.5,189.62,0.998,0.0,63.27
DES_0797,Proline,mixed,1:2.24,40.9,4.4,6,67.2,115.13,-0.177,49.3,66.58
DES_0798,Glucose,mixed,1:1.01,40.2,4.4,10,86.1,180.16,-3.379,118.2,58.45
DES_0799,SnCl2,mixed,1:2.6,34.8,4.2,6,68.0,189.62,0.998,0.0,61.4
DES_0800,Urea,mixed,1:2.49,30.3,5.9,5,67.0,60.06,-0.976,69.1,68.35
DES_0801,Proline,mixed,1:2.4,30.2,5.2,6,80.8,115.13,-0.177,49.3,63.31
DES_0802,CaCl2,mixed,1:2.72,46.3,7.0,11,85.6,110.98,0.998,0.0,69.86
DES_0803,Ethylene_glycol,mixed,1:1.45,43.2,5.8,11,64.7,62.07,-1.029,40.5,70.77
DES_0804,Ethylene_glycol,mixed,1:1.0,35.2,5.6,9,65.2,62.07,-1.029,40.5,71.53
DES_0805,Glucose,mixed,1:2.26,40.4,4.2,5,74.8,180.16,-3.379,118.2,59.54
DES_0806,Succinic_acid,mixed,1:1.65,35.2,5.4,5,87.8,118.09,-0.064,74.6,67.84
DES_0807,Fructose,mixed,1:1.33,36.1,5.9,6,87.0,180.16,-3.377,118.2,60.22
DES_0808,Proline,mixed,1:2.67,41.5,5.9,7,75.9,115.13,-0.177,49.3,75.9
DES_0809,Betaine,mixed,1:2.65,31.7,6.6,7,68.9,117.15,-1.557,40.1,62.05
DES_0810,Sucrose,mixed,1:2.59,33.3,4.3,5,86.3,342.3,-5.396,189.5,49.66
DES_0811,Ethylene_glycol,mixed,1:1.93,32.1,5.9,10,84.8,62.07,-1.029,40.5,64.29
DES_0812,Menthol,mixed,1:2.24,34.4,5.3,11,64.0,156.27,2.44,20.2,57.94
DES_0813,Glycerol,mixed,1:2.89,42.2,6.5,9,63.4,92.09,-1.668,60.7,66.15
DES_0814,Menthol,mixed,1:1.68,50.0,4.8,6,87.9,156.27,2.44,20.2,64.27
DES_0815,Choline_chloride,mixed,1:3.0,31.5,4.7,7,70.4,139.63,-3.311,20.2,56.5
DES_0816,SnCl2,mixed,1:2.08,35.1,6.3,10,77.7,189.62,0.998,0.0,60.49
DES_0817,Malonic_acid,mixed,1:1.19,31.3,5.8,10,85.7,104.06,-0.454,74.6,72.86
DES_0818,Glucose,mixed,1:1.55,38.0,6.8,6,87.4,180.16,-3.379,118.2,64.2
DES_0819,SnCl2,mixed,1:1.96,37.1,6.0,9,81.5,189.62,0.998,0.0,56.95
DES_0820,Glycine,mixed,1:2.31,30.8,5.8,10,86.7,59.07,-0.508,43.1,64.02
DES_0821,MgCl2,mixed,1:2.97,39.9,6.6,9,75.0,95.21,0.998,0.0,61.76
DES_0822,FeCl3,mixed,1:2.75,34.9,5.7,5,63.1,162.2,2.066,0.0,57.7
DES_0823,Malonic_acid,mixed,1:2.26,30.5,6.2,8,78.2,104.06,-0.454,74.6,70.04
DES_0824,Citric_acid,mixed,1:1.18,45.1,5.7,5,65.6,192.12,-1.248,132.1,78.27
DES_0825,Boric_acid,mixed,1:1.8,49.0,5.2,4,75.8,61.83,-2.052,60.7,69.09
DES_0826,Tartaric_acid,mixed,1:1.65,37.0,5.8,6,60.8,150.09,-2.123,115.1,66.7
DES_0827,Malonic_acid,mixed,1:1.52,46.8,6.1,9,86.8,104.06,-0.454,74.6,70.07
DES_0828,Menthol,mixed,1:1.26,43.5,6.6,11,78.9,156.27,2.44,20.2,64.58
DES_0829,Succinic_acid,mixed,1:1.69,36.6,5.8,6,83.3,118.09,-0.064,74.6,71.04
DES_0830,ZnCl2,mixed,1:1.11,45.0,6.6,6,79.2,136.3,1.377,0.0,62.26
DES_0831,Proline,mixed,1:1.86,30.7,6.9,5,83.7,115.13,-0.177,49.3,65.69
DES_0832,Sucrose,mixed,1:1.1,39.7,4.0,11,89.3,342.3,-5.396,189.5,58.13
DES_0833,Urea,mixed,1:2.82,32.9,5.9,5,64.7,60.06,-0.976,69.1,71.61
DES_0834,Glycine,mixed,1:1.99,48.2,6.8,5,60.1,59.07,-0.508,43.1,78.87
DES_0835,ZnCl2,mixed,1:1.59,37.1,5.7,6,87.5,136.3,1.377,0.0,61.97
DES_0836,Glycerol,mixed,1:2.89,34.1,5.8,5,76.4,92.09,-1.668,60.7,64.71
DES_0837,Tartaric_acid,mixed,1:2.89,43.5,4.9,5,69.1,150.09,-2.123,115.1,67.69
DES_0838,Choline_chloride,mixed,1:1.21,38.5,5.4,9,85.2,139.63,-3.311,20.2,54.45
DES_0839,Urea,mixed,1:1.33,48.5,6.5,6,79.7,60.06,-0.976,69.1,80.35
DES_0840,Sucrose,mixed,1:2.26,35.3,4.1,7,86.7,342.3,-5.396,189.5,56.14
DES_0841,Malonic_acid,mixed,1:2.66,49.8,4.5,9,80.2,104.06,-0.454,74.6,69.14
DES_0842,Succinic_acid,mixed,1:1.55,34.5,6.6,10,73.5,118.09,-0.064,74.6,73.14
DES_0843,Betaine,mixed,1:1.44,31.6,5.7,4,73.5,117.15,-1.557,40.1,64.26
DES_0844,Urea,mixed,1:1.13,35.4,6.7,9,81.6,60.06,-0.976,69.1,66.73
DES_0845,Glycine,mixed,1:1.63,45.8,6.0,6,73.7,59.07,-0.508,43.1,71.65
DES_0846,Oxalic_acid,mixed,1:1.03,48.2,4.8,10,90.0,90.03,-0.844,74.6,72.45
DES_0847,Oxalic_acid,mixed,1:1.15,38.3,6.0,5,62.5,90.03,-0.844,74.6,72.21
DES_0848,Glycerol,mixed,1:2.95,49.3,4.5,6,63.0,92.09,-1.668,60.7,72.46
DES_0849,Sucrose,mixed,1:2.56,34.1,4.8,4,72.0,342.3,-5.396,189.5,56.79
DES_0850,Malonic_acid,mixed,1:1.33,49.7,6.5,6,62.1,104.06,-0.454,74.6,66.85
DES_0851,Citric_acid,mixed,1:2.32,44.5,6.4,5,69.2,192.12,-1.248,132.1,70.0
DES_0852,Glucose,mixed,1:2.46,33.5,5.1,9,62.1,180.16,-3.379,118.2,61.29
DES_0853,Oxalic_acid,mixed,1:2.16,36.0,4.1,9,85.8,90.03,-0.844,74.6,63.97
DES_0854,Proline,mixed,1:2.77,38.2,5.8,9,72.5,115.13,-0.177,49.3,63.9
DES_0855,Tartaric_acid,mixed,1:2.25,30.6,5.9,6,73.5,150.09,-2.123,115.1,62.47
DES_0856,Lactic_acid,mixed,1:2.76,49.2,4.6,9,79.9,90.08,-0.548,57.5,69.85
DES_0857,Fructose,mixed,1:2.52,32.9,4.0,4,77.6,180.16,-3.377,118.2,63.32
DES_0858,Glucose,mixed,1:2.5,44.9,4.4,11,68.1,180.16,-3.379,118.2,55.44
DES_0859,Alanine,mixed,1:2.63,41.8,4.6,5,78.8,89.09,-0.582,63.3,68.59
DES_0860,Boric_acid,mixed,1:2.48,30.6,5.6,4,81.0,61.83,-2.052,60.7,68.15
DES_0861,Tartaric_acid,mixed,1:2.25,37.2,7.0,7,74.6,150.09,-2.123,115.1,71.3
DES_0862,Propylene_glycol,mixed,1:2.81,30.0,5.8,9,78.6,76.09,-0.641,40.5,66.34
DES_0863,Proline,mixed,1:1.93,34.9,6.7,6,88.6,115.13,-0.177,49.3,75.46
DES_0864,Boric_acid,mixed,1:2.8,39.1,4.4,11,73.8,61.83,-2.052,60.7,67.33
DES_0865,Glucose,mixed,1:2.56,34.4,4.5,7,87.8,180.16,-3.379,118.2,59.0
DES_0866,Oxalic_acid,mixed,1:1.76,30.6,6.6,6,78.9,90.03,-0.844,74.6,73.75
DES_0867,Malonic_acid,mixed,1:1.22,49.3,4.5,9,67.4,104.06,-0.454,74.6,75.05
DES_0868,Thymol,mixed,1:1.01,38.3,4.3,8,60.7,150.22,2.824,20.2,58.8
DES_0869,Alanine,mixed,1:2.98,37.8,6.2,9,66.4,89.09,-0.582,63.3,67.84
DES_0870,Camphor,mixed,1:1.41,48.5,5.1,4,81.1,152.24,2.402,17.1,58.49
DES_0871,Malonic_acid,mixed,1:1.68,30.1,6.0,10,64.4,104.06,-0.454,74.6,69.6
DES_0872,FeCl3,mixed,1:1.06,32.4,5.9,11,78.7,162.2,2.066,0.0,55.02
DES_0873,Tartaric_acid,mixed,1:2.62,38.0,6.8,7,83.2,150.09,-2.123,115.1,71.72
DES_0874,Thymol,mixed,1:1.17,48.7,6.5,10,66.0,150.22,2.824,20.2,62.24
DES_0875,Boric_acid,mixed,1:2.94,33.0,6.8,5,77.0,61.83,-2.052,60.7,67.86
DES_0876,Betaine,mixed,1:2.29,30.3,6.9,4,64.3,117.15,-1.557,40.1,63.1
DES_0877,ZnCl2,mixed,1:2.4,30.3,4.1,8,70.3,136.3,1.377,0.0,59.08
DES_0878,Succinic_acid,mixed,1:2.37,40.1,6.3,7,64.5,118.09,-0.064,74.6,73.8
DES_0879,Choline_chloride,mixed,1:2.07,47.2,4.6,8,62.5,139.63,-3.311,20.2,62.61
DES_0880,ZnCl2,mixed,1:2.25,35.1,6.4,10,89.4,136.3,1.377,0.0,62.77
DES_0881,Glycerol,mixed,1:1.91,45.1,4.4,8,76.4,92.09,-1.668,60.7,66.72
DES_0882,Ethylene_glycol,mixed,1:1.0,49.3,6.8,10,62.4,62.07,-1.029,40.5,70.05
DES_0883,Sucrose,mixed,1:1.26,44.4,4.3,8,70.7,342.3,-5.396,189.5,55.86
DES_0884,Glycerol,mixed,1:1.47,44.3,6.6,5,86.0,92.09,-1.668,60.7,71.78
DES_0885,Menthol,mixed,1:1.09,35.8,5.4,4,73.6,156.27,2.44,20.2,58.65
DES_0886,Choline_chloride,mixed,1:2.63,48.7,5.5,11,76.1,139.63,-3.311,20.2,63.68
DES_0887,Succinic_acid,mixed,1:2.17,45.9,5.0,10,70.2,118.09,-0.064,74.6,72.5
DES_0888,Citric_acid,mixed,1:1.67,39.8,5.7,5,83.8,192.12,-1.248,132.1,67.97
DES_0889,Glycerol,mixed,1:2.06,41.1,6.9,10,63.2,92.09,-1.668,60.7,67.25
DES_0890,Proline,mixed,1:1.07,36.5,5.6,8,70.7,115.13,-0.177,49.3,69.46
DES_0891,Proline,mixed,1:2.34,36.6,4.8,5,74.9,115.13,-0.177,49.3,69.9
DES_0892,Citric_acid,mixed,1:2.42,30.4,5.3,10,70.2,192.12,-1.248,132.1,63.87
DES_0893,Choline_chloride,mixed,1:2.89,48.3,5.8,7,84.5,139.63,-3.311,20.2,57.7
DES_0894,Menthol,mixed,1:1.86,33.8,4.8,6,75.6,156.27,2.44,20.2,58.25
DES_0895,Urea,mixed,1:1.16,33.9,6.8,11,71.3,60.06,-0.976,69.1,70.67
DES_0896,Acetic_acid,mixed,1:2.83,39.9,5.4,4,81.9,60.05,0.091,37.3,72.6
DES_0897,Boric_acid,mixed,1:1.1,32.3,4.0,11,84.1,61.83,-2.052,60.7,63.29
DES_0898,CaCl2,mixed,1:1.23,41.8,6.0,5,86.4,110.98,0.998,0.0,68.68
DES_0899,Fructose,mixed,1:1.15,30.4,4.3,7,88.0,180.16,-3.377,118.2,62.99
DES_0900,Fructose,mixed,1:1.94,49.6,6.2,4,82.7,180.16,-3.377,118.2,69.12
DES_0901,Acetic_acid,mixed,1:1.05,38.1,7.0,5,80.2,60.05,0.091,37.3,73.22
DES_0902,MgCl2,mixed,1:1.37,30.6,6.2,9,64.1,95.21,0.998,0.0,59.34
DES_0903,Boric_acid,mixed,1:1.99,48.5,4.0,9,86.7,61.83,-2.052,60.7,67.76
DES_0904,FeCl3,mixed,1:2.97,31.1,4.4,4,78.8,162.2,2.066,0.0,52.25
DES_0905,Proline,mixed,1:2.67,40.2,5.6,8,65.1,115.13,-0.177,49.3,67.25
DES_0906,CaCl2,mixed,1:2.02,40.0,4.3,7,67.2,110.98,0.998,0.0,58.58
DES_0907,Propylene_glycol,mixed,1:1.72,31.8,4.8,4,63.0,76.09,-0.641,40.5,65.45
DES_0908,Glucose,mixed,1:1.18,49.0,4.8,6,72.1,180.16,-3.379,118.2,68.58
DES_0909,MgCl2,mixed,1:2.36,47.8,6.1,5,87.9,95.21,0.998,0.0,65.86
DES_0910,Lactic_acid,mixed,1:1.73,37.5,4.5,10,81.2,90.08,-0.548,57.5,66.15
DES_0911,Camphor,mixed,1:2.62,37.6,4.1,5,88.7,152.24,2.402,17.1,56.27
DES_0912,FeCl3,mixed,1:2.16,48.2,5.7,5,71.4,162.2,2.066,0.0,59.27
DES_0913,Succinic_acid,mixed,1:1.32,37.1,5.3,7,80.0,118.09,-0.064,74.6,67.97
DES_0914,Malonic_acid,mixed,1:2.48,45.1,5.8,5,83.9,104.06,-0.454,74.6,70.52
DES_0915,Succinic_acid,mixed,1:1.18,41.1,6.7,6,69.8,118.09,-0.064,74.6,72.07
DES_0916,Malonic_acid,mixed,1:2.24,43.3,6.5,5,63.6,104.06,-0.454,74.6,70.14
DES_0917,Boric_acid,mixed,1:1.31,49.5,6.5,8,89.4,61.83,-2.052,60.7,70.43
DES_0918,Thymol,mixed,1:1.7,48.6,4.2,8,77.7,150.22,2.824,20.2,57.79
DES_0919,CaCl2,mixed,1:2.55,42.4,5.8,10,76.2,110.98,0.998,0.0,64.27
DES_0920,Choline_chloride,mixed,1:2.43,34.2,5.7,10,73.0,139.63,-3.311,20.2,60.49
DES_0921,FeCl3,mixed,1:1.17,36.1,6.2,11,81.5,162.2,2.066,0.0,61.05
DES_0922,Propylene_glycol,mixed,1:2.45,36.2,6.3,7,74.6,76.09,-0.641,40.5,64.78
DES_0923,Proline,mixed,1:1.33,41.3,5.5,4,70.9,115.13,-0.177,49.3,72.55
DES_0924,Choline_chloride,mixed,1:2.05,43.4,4.8,6,88.0,139.63,-3.311,20.2,58.88
DES_0925,Ethylene_glycol,mixed,1:2.15,43.0,4.1,8,75.3,62.07,-1.029,40.5,61.1
DES_0926,Propylene_glycol,mixed,1:1.88,43.4,4.9,9,86.1,76.09,-0.641,40.5,70.94
DES_0927,Proline,mixed,1:1.08,44.3,5.6,8,67.3,115.13,-0.177,49.3,68.19
DES_0928,MgCl2,mixed,1:2.52,48.0,6.0,4,80.2,95.21,0.998,0.0,68.26
DES_0929,Oxalic_acid,mixed,1:2.65,38.4,4.2,6,89.4,90.03,-0.844,74.6,73.01
DES_0930,Thymol,mixed,1:1.35,30.2,4.4,10,73.4,150.22,2.824,20.2,56.49
DES_0931,Menthol,mixed,1:2.08,39.2,6.8,9,61.9,156.27,2.44,20.2,55.81
DES_0932,Ethylene_glycol,mixed,1:2.26,35.1,6.4,9,75.1,62.07,-1.029,40.5,67.16
DES_0933,Choline_chloride,mixed,1:2.66,43.3,5.0,11,87.4,139.63,-3.311,20.2,60.34
DES_0934,Alanine,mixed,1:1.11,32.1,4.5,9,79.4,89.09,-0.582,63.3,68.09
DES_0935,Glycine,mixed,1:1.92,42.6,5.7,9,68.4,59.07,-0.508,43.1,68.31
DES_0936,Proline,mixed,1:2.45,42.7,4.4,7,76.8,115.13,-0.177,49.3,68.79
DES_0937,Thymol,mixed,1:1.66,38.8,6.6,9,86.5,150.22,2.824,20.2,60.53
DES_0938,Proline,mixed,1:2.32,40.5,4.1,7,69.0,115.13,-0.177,49.3,66.55
DES_0939,Urea,mixed,1:1.1,37.0,6.6,7,66.0,60.06,-0.976,69.1,65.4
DES_0940,FeCl3,mixed,1:2.47,45.9,4.8,11,64.1,162.2,2.066,0.0,55.53
DES_0941,ZnCl2,mixed,1:1.52,38.7,4.5,11,83.0,136.3,1.377,0.0,61.34
DES_0942,Boric_acid,mixed,1:2.47,35.0,5.5,4,78.5,61.83,-2.052,60.7,61.09
DES_0943,Succinic_acid,mixed,1:2.11,32.3,4.4,8,68.1,118.09,-0.064,74.6,67.71
DES_0944,Acetic_acid,mixed,1:3.0,42.4,5.3,6,78.1,60.05,0.091,37.3,69.56
DES_0945,Acetic_acid,mixed,1:2.99,38.6,5.0,11,65.7,60.05,0.091,37.3,65.16
DES_0946,Oxalic_acid,mixed,1:2.37,49.6,6.1,11,88.4,90.03,-0.844,74.6,78.97
DES_0947,SnCl2,mixed,1:2.62,31.1,5.6,4,88.0,189.62,0.998,0.0,59.49
DES_0948,Glucose,mixed,1:1.9,45.9,5.6,9,82.6,180.16,-3.379,118.2,69.27
DES_0949,Proline,mixed,1:1.23,40.6,4.4,8,74.5,115.13,-0.177,49.3,67.64
DES_0950,Acetic_acid,mixed,1:1.98,46.7,4.5,6,62.0,60.05,0.091,37.3,66.95
DES_0951,Betaine,mixed,1:1.82,34.4,6.9,5,71.2,117.15,-1.557,40.1,62.68
DES_0952,Choline_chloride,mixed,1:2.97,46.8,4.1,9,68.6,139.63,-3.311,20.2,59.95
DES_0953,Camphor,mixed,1:2.83,47.1,6.0,4,83.5,152.24,2.402,17.1,63.18
DES_0954,Ethylene_glycol,mixed,1:2.49,34.2,5.6,9,78.8,62.07,-1.029,40.5,67.92
DES_0955,ZnCl2,mixed,1:2.92,43.5,6.7,9,82.1,136.3,1.377,0.0,62.93
DES_0956,Glycerol,mixed,1:2.11,48.0,6.8,4,62.3,92.09,-1.668,60.7,68.98
DES_0957,Betaine,mixed,1:2.74,40.0,4.2,9,78.7,117.15,-1.557,40.1,63.24
DES_0958,Camphor,mixed,1:2.04,49.6,6.1,9,67.2,152.24,2.402,17.1,64.24
DES_0959,Glucose,mixed,1:1.88,36.7,5.6,8,60.3,180.16,-3.379,118.2,65.32
DES_0960,Thymol,mixed,1:2.11,30.0,4.8,11,77.8,150.22,2.824,20.2,57.63
DES_0961,FeCl3,mixed,1:1.81,43.5,4.6,10,63.5,162.2,2.066,0.0,54.47
DES_0962,Menthol,mixed,1:2.12,30.1,4.2,11,62.3,156.27,2.44,20.2,58.52
DES_0963,Alanine,mixed,1:2.65,31.2,5.1,11,75.1,89.09,-0.582,63.3,68.86
DES_0964,Boric_acid,mixed,1:1.17,43.4,5.2,7,61.5,61.83,-2.052,60.7,68.67
DES_0965,Menthol,mixed,1:1.5,37.1,4.5,9,78.5,156.27,2.44,20.2,49.92
DES_0966,Propylene_glycol,mixed,1:1.06,45.4,6.7,7,76.5,76.09,-0.641,40.5,70.52
DES_0967,CaCl2,mixed,1:1.73,46.1,5.6,4,63.9,110.98,0.998,0.0,67.19
DES_0968,Fructose,mixed,1:1.39,31.7,5.8,4,80.2,180.16,-3.377,118.2,61.86
DES_0969,Acetic_acid,mixed,1:2.46,34.0,5.1,8,81.8,60.05,0.091,37.3,67.4
DES_0970,Boric_acid,mixed,1:2.56,45.3,6.9,6,62.1,61.83,-2.052,60.7,67.74
DES_0971,Sucrose,mixed,1:2.11,44.0,5.2,5,80.0,342.3,-5.396,189.5,65.46
DES_0972,MgCl2,mixed,1:1.91,42.2,4.8,7,80.3,95.21,0.998,0.0,64.69
DES_0973,Glycine,mixed,1:2.59,39.9,6.7,6,72.3,59.07,-0.508,43.1,73.68
DES_0974,Betaine,mixed,1:1.4,38.8,5.2,7,77.6,117.15,-1.557,40.1,65.18
DES_0975,Fructose,mixed,1:1.5,36.4,4.4,6,77.2,180.16,-3.377,118.2,55.48
DES_0976,Succinic_acid,mixed,1:2.59,36.1,4.2,11,71.8,118.09,-0.064,74.6,66.11
DES_0977,Choline_chloride,mixed,1:1.26,36.9,6.4,5,61.9,139.63,-3.311,20.2,53.9
DES_0978,Menthol,mixed,1:1.09,35.2,6.6,10,60.5,156.27,2.44,20.2,61.32
DES_0979,Glycerol,mixed,1:2.06,38.0,4.9,9,66.2,92.09,-1.668,60.7,67.4
DES_0980,Sucrose,mixed,1:2.35,46.1,5.7,9,79.9,342.3,-5.396,189.5,61.74
DES_0981,MgCl2,mixed,1:2.22,37.6,4.9,4,60.1,95.21,0.998,0.0,60.81
DES_0982,Propylene_glycol,mixed,1:2.64,48.6,5.6,9,87.1,76.09,-0.641,40.5,67.08
DES_0983,Urea,mixed,1:2.0,38.8,4.7,5,60.4,60.06,-0.976,69.1,70.79
DES_0984,Glycine,mixed,1:1.46,35.8,6.3,4,84.8,59.07,-0.508,43.1,67.11
DES_0985,Glycerol,mixed,1:1.07,41.5,6.4,4,76.5,92.09,-1.668,60.7,68.28
DES_0986,Camphor,mixed,1:1.45,48.7,5.0,5,76.9,152.24,2.402,17.1,64.73
DES_0987,FeCl3,mixed,1:1.36,47.8,5.3,5,82.9,162.2,2.066,0.0,62.17
DES_0988,Betaine,mixed,1:1.95,49.9,6.0,4,89.8,117.15,-1.557,40.1,71.79
DES_0989,FeCl3,mixed,1:2.45,32.3,5.6,8,65.2,162.2,2.066,0.0,53.98
DES_0990,Choline_chloride,mixed,1:1.32,33.3,4.9,10,87.2,139.63,-3.311,20.2,54.85
DES_0991,Propylene_glycol,mixed,1:2.04,42.2,4.8,6,75.3,76.09,-0.641,40.5,72.16
DES_0992,Oxalic_acid,mixed,1:2.47,39.1,7.0,4,70.7,90.03,-0.844,74.6,73.05
DES_0993,Betaine,mixed,1:2.1,42.0,4.8,7,83.4,117.15,-1.557,40.1,58.4
DES_0994,Glucose,mixed,1:1.61,38.0,5.0,7,68.6,180.16,-3.379,118.2,66.9
DES_0995,CaCl2,mixed,1:1.63,32.0,5.6,4,63.3,110.98,0.998,0.0,60.22
DES_0996,Thymol,mixed,1:2.58,46.4,6.9,10,76.9,150.22,2.824,20.2,57.66
DES_0997,Acetic_acid,mixed,1:2.55,31.0,4.0,10,74.3,60.05,0.091,37.3,64.77
DES_0998,Boric_acid,mixed,1:2.87,42.0,6.4,10,88.0,61.83,-2.052,60.7,67.42
DES_0999,Glucose,mixed,1:2.93,34.3,6.4,5,66.4,180.16,-3.379,118.2,60.45
DES_1000,Alanine,mixed,1:2.71,37.8,5.0,11,70.9,89.09,-0.582,63.3,73.84
DES_1001,Malonic_acid,mixed,1:1.73,42.4,4.5,11,87.4,104.06,-0.454,74.6,69.13
DES_1002,Urea,mixed,1:2.02,38.0,6.6,7,71.6,60.06,-0.976,69.1,67.51
DES_1003,Malonic_acid,mixed,1:2.56,30.4,5.0,9,68.3,104.06,-0.454,74.6,67.91
DES_1004,Menthol,mixed,1:1.45,47.5,6.4,5,66.0,156.27,2.44,20.2,64.8
DES_1005,Glycine,mixed,1:1.79,33.6,5.7,11,75.1,59.07,-0.508,43.1,68.76
DES_1006,Boric_acid,mixed,1:1.66,35.7,5.4,5,74.6,61.83,-2.052,60.7,63.67
DES_1007,Menthol,mixed,1:1.53,45.3,4.6,6,74.0,156.27,2.44,20.2,58.07
DES_1008,Alanine,mixed,1:1.97,43.2,5.5,7,85.0,89.09,-0.582,63.3,67.47
DES_1009,Propylene_glycol,mixed,1:1.98,47.9,6.4,4,69.6,76.09,-0.641,40.5,67.67
DES_1010,Malonic_acid,mixed,1:2.72,42.6,6.3,10,70.7,104.06,-0.454,74.6,71.15
DES_1011,Urea,mixed,1:2.6,47.0,5.4,7,89.3,60.06,-0.976,69.1,70.86
DES_1012,Glycine,mixed,1:1.76,45.1,6.0,8,63.0,59.07,-0.508,43.1,70.04
DES_1013,Sucrose,mixed,1:2.73,33.4,6.6,11,76.5,342.3,-5.396,189.5,53.82
DES_1014,Citric_acid,mixed,1:2.4,42.8,5.0,4,72.8,192.12,-1.248,132.1,74.65
DES_1015,Malonic_acid,mixed,1:1.11,38.9,4.1,8,71.5,104.06,-0.454,74.6,66.26
DES_1016,Citric_acid,mixed,1:2.73,43.5,4.1,8,82.9,192.12,-1.248,132.1,72.31
DES_1017,Ethylene_glycol,mixed,1:2.42,49.5,6.4,5,87.3,62.07,-1.029,40.5,71.9
DES_1018,Succinic_acid,mixed,1:1.72,40.8,6.0,9,88.7,118.09,-0.064,74.6,69.23
DES_1019,Malonic_acid,mixed,1:1.64,49.4,6.8,10,72.7,104.06,-0.454,74.6,76.88
DES_1020,Ethylene_glycol,mixed,1:2.32,39.4,4.6,8,61.8,62.07,-1.029,40.5,67.79
DES_1021,MgCl2,mixed,1:2.7,35.9,4.5,7,70.6,95.21,0.998,0.0,62.43
DES_1022,Boric_acid,mixed,1:2.07,48.7,6.5,10,69.1,61.83,-2.052,60.7,68.58
DES_1023,CaCl2,mixed,1:1.08,46.1,5.1,10,84.1,110.98,0.998,0.0,68.4
DES_1024,Boric_acid,mixed,1:2.86,41.6,6.0,11,70.4,61.83,-2.052,60.7,65.22
DES_1025,Glycine,mixed,1:1.47,43.2,5.2,6,80.7,59.07,-0.508,43.1,65.67
DES_1026,Glycine,mixed,1:1.0,34.8,4.6,6,84.2,59.07,-0.508,43.1,63.69
DES_1027,Betaine,mixed,1:2.21,44.2,4.1,4,87.1,117.15,-1.557,40.1,66.46
DES_1028,Acetic_acid,mixed,1:2.92,45.9,5.8,7,61.2,60.05,0.091,37.3,69.94
DES_1029,Propylene_glycol,mixed,1:2.23,30.1,4.0,10,67.8,76.09,-0.641,40.5,61.68
DES_1030,Fructose,mixed,1:2.67,35.3,5.3,8,79.9,180.16,-3.377,118.2,68.51
DES_1031,Sucrose,mixed,1:2.18,40.1,4.1,11,62.3,342.3,-5.396,189.5,59.42
DES_1032,Propylene_glycol,mixed,1:1.41,39.7,6.6,8,87.9,76.09,-0.641,40.5,71.86
DES_1033,CaCl2,mixed,1:1.55,39.3,6.7,7,76.7,110.98,0.998,0.0,61.41
DES_1034,Glycine,mixed,1:2.04,43.5,6.3,5,78.0,59.07,-0.508,43.1,64.88
DES_1035,Malonic_acid,mixed,1:1.78,34.8,6.8,8,60.4,104.06,-0.454,74.6,72.6
DES_1036,Urea,mixed,1:2.15,42.7,5.7,9,70.1,60.06,-0.976,69.1,69.97
DES_1037,Succinic_acid,mixed,1:1.87,39.7,5.9,4,79.6,118.09,-0.064,74.6,66.91
DES_1038,Citric_acid,mixed,1:2.99,39.6,6.3,7,61.3,192.12,-1.248,132.1,73.45
DES_1039,Glucose,mixed,1:2.18,46.7,4.1,5,86.7,180.16,-3.379,118.2,64.47
DES_1040,Succinic_acid,mixed,1:1.63,39.7,6.0,8,89.1,118.09,-0.064,74.6,72.97
DES_1041,Camphor,mixed,1:2.44,48.4,5.2,5,75.5,152.24,2.402,17.1,61.98
DES_1042,Camphor,mixed,1:1.23,45.5,5.5,10,77.5,152.24,2.402,17.1,59.68
DES_1043,Menthol,mixed,1:1.96,31.4,4.8,6,88.4,156.27,2.44,20.2,54.89
DES_1044,Oxalic_acid,mixed,1:2.05,45.3,4.0,11,65.9,90.03,-0.844,74.6,64.71
DES_1045,Betaine,mixed,1:2.47,45.5,6.0,7,77.1,117.15,-1.557,40.1,67.27
DES_1046,Glycine,mixed,1:2.51,34.4,5.3,8,83.1,59.07,-0.508,43.1,66.46
DES_1047,Choline_chloride,mixed,1:1.48,35.6,6.5,8,75.3,139.63,-3.311,20.2,61.08
DES_1048,Citric_acid,mixed,1:2.16,44.6,5.2,9,81.0,192.12,-1.248,132.1,68.08
DES_1049,Citric_acid,mixed,1:2.22,42.5,4.4,10,68.3,192.12,-1.248,132.1,72.48
DES_1050,Menthol,mixed,1:1.19,39.5,7.0,10,66.3,156.27,2.44,20.2,59.28
DES_1051,Glucose,mixed,1:1.65,49.6,4.4,6,74.6,180.16,-3.379,118.2,57.65
DES_1052,ZnCl2,mixed,1:1.76,40.0,5.8,8,74.6,136.3,1.377,0.0,55.54
DES_1053,Boric_acid,mixed,1:2.52,46.2,6.7,6,66.7,61.83,-2.052,60.7,65.43
DES_1054,Malonic_acid,mixed,1:1.74,32.7,5.6,4,88.0,104.06,-0.454,74.6,67.85
DES_1055,Glycerol,mixed,1:1.51,38.1,5.1,10,73.7,92.09,-1.668,60.7,64.34
DES_1056,Lactic_acid,mixed,1:2.71,45.6,4.3,4,63.0,90.08,-0.548,57.5,67.6
DES_1057,Betaine,mixed,1:2.82,48.9,4.7,5,69.1,117.15,-1.557,40.1,66.03
DES_1058,Alanine,mixed,1:1.15,45.3,4.9,11,71.0,89.09,-0.582,63.3,72.76
DES_1059,FeCl3,mixed,1:2.23,47.4,6.0,7,84.6,162.2,2.066,0.0,55.76
DES_1060,Oxalic_acid,mixed,1:1.11,39.6,5.6,5,69.7,90.03,-0.844,74.6,71.06
DES_1061,FeCl3,mixed,1:2.83,35.3,6.7,6,76.6,162.2,2.066,0.0,57.08
DES_1062,Fructose,mixed,1:1.65,46.3,5.2,6,82.3,180.16,-3.377,118.2,70.51
DES_1063,Glycerol,mixed,1:1.38,37.7,5.5,6,69.6,92.09,-1.668,60.7,66.62
DES_1064,Betaine,mixed,1:1.06,31.4,6.0,7,82.9,117.15,-1.557,40.1,63.65
DES_1065,Choline_chloride,mixed,1:2.21,41.4,4.2,5,78.7,139.63,-3.311,20.2,56.68
DES_1066,Proline,mixed,1:2.86,49.0,5.7,6,88.9,115.13,-0.177,49.3,67.44
DES_1067,Oxalic_acid,mixed,1:1.21,39.9,4.5,11,64.8,90.03,-0.844,74.6,62.22
DES_1068,ZnCl2,mixed,1:2.6,42.6,4.9,6,80.1,136.3,1.377,0.0,60.54
DES_1069,Camphor,mixed,1:2.83,46.7,4.9,10,60.9,152.24,2.402,17.1,60.65
DES_1070,Alanine,mixed,1:1.53,30.1,6.0,11,78.2,89.09,-0.582,63.3,69.23
DES_1071,ZnCl2,mixed,1:1.89,49.0,4.7,8,74.5,136.3,1.377,0.0,61.67
DES_1072,Thymol,mixed,1:2.49,43.2,4.7,4,77.3,150.22,2.824,20.2,59.1
DES_1073,Citric_acid,mixed,1:1.38,31.1,4.2,11,83.5,192.12,-1.248,132.1,69.4
DES_1074,CaCl2,mixed,1:1.98,40.3,4.8,7,74.1,110.98,0.998,0.0,62.42
DES_1075,Fructose,mixed,1:2.55,41.1,5.9,4,64.9,180.16,-3.377,118.2,61.74
DES_1076,Menthol,mixed,1:1.39,47.5,6.1,7,76.2,156.27,2.44,20.2,63.83
DES_1077,Glycerol,mixed,1:1.39,44.6,4.5,10,75.4,92.09,-1.668,60.7,68.13
DES_1078,Glucose,mixed,1:2.27,32.0,5.8,4,62.4,180.16,-3.379,118.2,59.83
DES_1079,SnCl2,mixed,1:1.73,35.0,6.1,9,75.1,189.62,0.998,0.0,60.8
DES_1080,ZnCl2,mixed,1:2.37,36.5,4.3,11,68.6,136.3,1.377,0.0,59.97
DES_1081,Betaine,mixed,1:2.3,30.5,6.4,8,68.3,117.15,-1.557,40.1,63.8
DES_1082,Proline,mixed,1:1.6,42.5,4.5,7,75.1,115.13,-0.177,49.3,70.45
DES_1083,Fructose,mixed,1:1.43,43.4,6.9,5,77.9,180.16,-3.377,118.2,62.03
DES_1084,Sucrose,mixed,1:2.03,36.1,6.1,10,69.0,342.3,-5.396,189.5,51.16
DES_1085,Proline,mixed,1:1.17,44.3,4.6,9,71.7,115.13,-0.177,49.3,66.41
DES_1086,Urea,mixed,1:2.05,44.7,4.2,11,81.1,60.06,-0.976,69.1,63.15
DES_1087,Choline_chloride,mixed,1:1.92,33.9,4.6,4,86.9,139.63,-3.311,20.2,52.87
DES_1088,Choline_chloride,mixed,1:1.07,48.2,6.3,7,82.6,139.63,-3.311,20.2,59.08
DES_1089,Choline_chloride,mixed,1:1.68,44.2,5.7,6,79.5,139.63,-3.311,20.2,59.54
DES_1090,Citric_acid,mixed,1:1.92,43.5,5.5,4,68.7,192.12,-1.248,132.1,67.77
DES_1091,SnCl2,mixed,1:1.81,34.5,4.8,7,71.0,189.62,0.998,0.0,56.75
DES_1092,Alanine,mixed,1:2.11,47.4,6.5,10,80.9,89.09,-0.582,63.3,75.61
DES_1093,Choline_chloride,mixed,1:2.64,30.8,6.6,8,71.9,139.63,-3.311,20.2,62.59
DES_1094,Glucose,mixed,1:2.09,30.2,4.3,4,81.8,180.16,-3.379,118.2,59.32
DES_1095,Malonic_acid,mixed,1:1.99,38.1,6.0,7,88.8,104.06,-0.454,74.6,74.47
DES_1096,MgCl2,mixed,1:2.72,43.9,4.5,6,66.4,95.21,0.998,0.0,64.88
DES_1097,Tartaric_acid,mixed,1:1.15,47.0,4.6,9,76.3,150.09,-2.123,115.1,69.4
DES_1098,Menthol,mixed,1:2.36,35.1,6.7,8,65.6,156.27,2.44,20.2,56.05
DES_1099,Alanine,mixed,1:2.99,30.5,4.3,8,84.6,89.09,-0.582,63.3,62.86
DES_1100,Glucose,mixed,1:2.57,36.5,6.2,9,88.8,180.16,-3.379,118.2,61.21
DES_1101,Acetic_acid,mixed,1:1.71,42.3,5.8,8,79.2,60.05,0.091,37.3,70.35
DES_1102,Malonic_acid,mixed,1:2.67,33.0,5.4,7,61.1,104.06,-0.454,74.6,67.84
DES_1103,Succinic_acid,mixed,1:2.65,46.6,4.9,10,83.2,118.09,-0.064,74.6,76.93
DES_1104,Oxalic_acid,mixed,1:1.92,34.8,6.8,8,63.2,90.03,-0.844,74.6,68.74
DES_1105,Acetic_acid,mixed,1:1.82,43.2,5.4,9,73.5,60.05,0.091,37.3,71.3
DES_1106,Boric_acid,mixed,1:2.15,46.4,4.1,9,70.5,61.83,-2.052,60.7,63.37
DES_1107,CaCl2,mixed,1:1.79,36.8,6.5,6,82.0,110.98,0.998,0.0,67.73
DES_1108,Alanine,mixed,1:1.02,33.4,5.7,9,87.5,89.09,-0.582,63.3,70.92
DES_1109,Succinic_acid,mixed,1:2.47,37.4,6.2,9,81.2,118.09,-0.064,74.6,63.96
DES_1110,Alanine,mixed,1:2.46,40.4,4.2,5,85.2,89.09,-0.582,63.3,67.95
DES_1111,Thymol,mixed,1:2.7,50.0,6.7,10,71.2,150.22,2.824,20.2,65.28
DES_1112,CaCl2,mixed,1:2.34,33.5,5.7,11,69.6,110.98,0.998,0.0,58.73
DES_1113,FeCl3,mixed,1:2.7,45.4,6.6,10,78.1,162.2,2.066,0.0,63.21
DES_1114,Oxalic_acid,mixed,1:1.95,30.8,5.9,4,87.8,90.03,-0.844,74.6,66.97
DES_1115,Thymol,mixed,1:1.88,47.2,5.7,5,80.7,150.22,2.824,20.2,67.49
DES_1116,Sucrose,mixed,1:1.29,38.1,4.3,8,61.2,342.3,-5.396,189.5,56.55
DES_1117,MgCl2,mixed,1:1.65,49.7,6.0,4,69.8,95.21,0.998,0.0,65.55
DES_1118,Boric_acid,mixed,1:2.79,49.5,4.1,6,66.4,61.83,-2.052,60.7,68.88
DES_1119,Boric_acid,mixed,1:2.38,40.3,4.6,6,77.8,61.83,-2.052,60.7,68.72
DES_1120,Urea,mixed,1:1.22,44.4,4.5,10,81.8,60.06,-0.976,69.1,73.26
DES_1121,Glycerol,mixed,1:1.6,36.3,6.0,4,81.8,92.09,-1.668,60.7,65.6
DES_1122,Ethylene_glycol,mixed,1:2.54,41.2,6.6,8,75.5,62.07,-1.029,40.5,73.39
DES_1123,Menthol,mixed,1:2.87,40.5,4.9,6,87.9,156.27,2.44,20.2,59.59
DES_1124,Glycine,mixed,1:1.96,31.9,6.3,9,69.4,59.07,-0.508,43.1,64.68
DES_1125,Oxalic_acid,mixed,1:2.44,41.4,6.2,5,86.5,90.03,-0.844,74.6,68.48
DES_1126,Fructose,mixed,1:1.83,43.8,5.0,6,89.9,180.16,-3.377,118.2,65.02
DES_1127,Glycerol,mixed,1:1.07,41.2,6.1,10,70.2,92.09,-1.668,60.7,68.05
DES_1128,Citric_acid,mixed,1:1.07,37.3,4.7,7,62.2,192.12,-1.248,132.1,67.33
DES_1129,Glycerol,mixed,1:1.29,43.9,4.4,9,61.6,92.09,-1.668,60.7,63.21
DES_1130,Boric_acid,mixed,1:2.13,48.6,4.2,7,81.2,61.83,-2.052,60.7,67.23
DES_1131,Malonic_acid,mixed,1:2.08,40.5,4.4,4,84.3,104.06,-0.454,74.6,70.2
DES_1132,Tartaric_acid,mixed,1:2.03,44.5,5.7,5,80.2,150.09,-2.123,115.1,67.33
DES_1133,MgCl2,mixed,1:2.47,36.0,5.4,8,65.1,95.21,0.998,0.0,59.77
DES_1134,Choline_chloride,mixed,1:1.26,38.9,6.4,11,75.6,139.63,-3.311,20.2,61.7
DES_1135,Glucose,mixed,1:2.5,35.2,6.6,11,65.9,180.16,-3.379,118.2,61.4
DES_1136,CaCl2,mixed,1:2.87,47.3,6.9,8,83.6,110.98,0.998,0.0,67.57
DES_1137,Malonic_acid,mixed,1:1.21,44.4,5.5,9,67.5,104.06,-0.454,74.6,68.48
DES_1138,CaCl2,mixed,1:2.5,42.6,6.2,7,88.0,110.98,0.998,0.0,60.96
DES_1139,Oxalic_acid,mixed,1:1.06,47.6,4.0,11,74.7,90.03,-0.844,74.6,72.51
DES_1140,Tartaric_acid,mixed,1:2.16,41.0,4.7,7,79.6,150.09,-2.123,115.1,66.57
DES_1141,Succinic_acid,mixed,1:1.41,32.9,6.6,9,65.6,118.09,-0.064,74.6,72.78
DES_1142,Glycerol,mixed,1:2.97,36.3,4.3,4,81.6,92.09,-1.668,60.7,62.53
DES_1143,Acetic_acid,mixed,1:1.51,30.4,4.7,4,63.1,60.05,0.091,37.3,62.07
DES_1144,Glycerol,mixed,1:2.17,42.5,6.0,4,78.9,92.09,-1.668,60.7,67.22
DES_1145,Acetic_acid,mixed,1:1.76,38.2,6.2,7,85.7,60.05,0.091,37.3,70.17
DES_1146,FeCl3,mixed,1:1.78,38.1,4.4,10,61.1,162.2,2.066,0.0,57.77
DES_1147,Tartaric_acid,mixed,1:1.32,39.1,5.8,9,71.5,150.09,-2.123,115.1,68.57
DES_1148,Menthol,mixed,1:2.46,32.6,6.0,10,66.9,156.27,2.44,20.2,60.81
DES_1149,Boric_acid,mixed,1:1.99,32.4,4.0,6,80.9,61.83,-2.052,60.7,61.15
DES_1150,Fructose,mixed,1:1.27,41.4,5.2,9,86.5,180.16,-3.377,118.2,66.74
DES_1151,CaCl2,mixed,1:1.11,34.0,4.0,9,69.5,110.98,0.998,0.0,55.67
DES_1152,Betaine,mixed,1:2.2,45.5,6.2,6,78.3,117.15,-1.557,40.1,63.01
DES_1153,Glycine,mixed,1:2.09,43.1,5.2,9,61.3,59.07,-0.508,43.1,70.19
DES_1154,Proline,mixed,1:2.03,41.3,5.5,9,71.5,115.13,-0.177,49.3,67.31
DES_1155,Acetic_acid,mixed,1:1.63,38.0,4.5,8,84.0,60.05,0.091,37.3,67.17
DES_1156,Camphor,mixed,1:2.79,49.7,5.2,7,72.2,152.24,2.402,17.1,53.17
DES_1157,Choline_chloride,mixed,1:1.44,35.4,6.4,4,89.8,139.63,-3.311,20.2,58.33
DES_1158,CaCl2,mixed,1:1.18,46.1,6.0,9,73.0,110.98,0.998,0.0,64.41
DES_1159,Betaine,mixed,1:1.0,34.9,6.0,4,63.4,117.15,-1.557,40.1,69.0
DES_1160,Sucrose,mixed,1:2.94,30.8,4.9,6,79.0,342.3,-5.396,189.5,51.31
DES_1161,Acetic_acid,mixed,1:2.73,45.5,4.5,10,83.1,60.05,0.091,37.3,65.72
DES_1162,Oxalic_acid,mixed,1:1.89,32.3,5.1,11,86.7,90.03,-0.844,74.6,70.49
DES_1163,MgCl2,mixed,1:1.73,42.8,6.7,5,71.4,95.21,0.998,0.0,67.01
DES_1164,Propylene_glycol,mixed,1:2.58,43.3,5.0,5,62.4,76.09,-0.641,40.5,66.02
DES_1165,Glycine,mixed,1:1.11,47.9,5.6,9,84.9,59.07,-0.508,43.1,71.22
DES_1166,Succinic_acid,mixed,1:2.96,48.0,4.4,4,80.6,118.09,-0.064,74.6,74.39
DES_1167,Menthol,mixed,1:2.87,34.7,4.3,6,60.6,156.27,2.44,20.2,53.04
DES_1168,Citric_acid,mixed,1:2.46,44.2,4.6,5,80.6,192.12,-1.248,132.1,64.65
DES_1169,Lactic_acid,mixed,1:1.62,39.7,5.0,10,68.9,90.08,-0.548,57.5,66.3
DES_1170,Boric_acid,mixed,1:2.83,42.2,5.7,11,78.8,61.83,-2.052,60.7,69.32
DES_1171,Malonic_acid,mixed,1:1.91,48.2,4.3,9,80.6,104.06,-0.454,74.6,65.85
DES_1172,Alanine,mixed,1:2.64,31.8,6.0,4,80.2,89.09,-0.582,63.3,71.12
DES_1173,Proline,mixed,1:2.27,34.4,6.0,10,74.2,115.13,-0.177,49.3,65.37
DES_1174,Tartaric_acid,mixed,1:1.41,35.0,5.0,8,73.6,150.09,-2.123,115.1,72.41
DES_1175,Malonic_acid,mixed,1:1.81,46.5,4.7,8,84.2,104.06,-0.454,74.6,75.62
DES_1176,Glucose,mixed,1:2.59,47.5,6.6,10,68.1,180.16,-3.379,118.2,63.3
DES_1177,Oxalic_acid,mixed,1:1.69,49.5,6.9,6,61.2,90.03,-0.844,74.6,73.49
DES_1178,Glycerol,mixed,1:2.42,30.6,6.6,5,63.8,92.09,-1.668,60.7,70.92
DES_1179,FeCl3,mixed,1:2.41,48.2,6.0,10,70.8,162.2,2.066,0.0,62.89
DES_1180,Boric_acid,mixed,1:2.1,42.6,4.8,11,65.1,61.83,-2.052,60.7,63.89
DES_1181,Glycerol,mixed,1:1.31,30.2,4.7,10,66.3,92.09,-1.668,60.7,61.54
DES_1182,Choline_chloride,mixed,1:2.47,43.7,6.5,5,78.3,139.63,-3.311,20.2,58.97
DES_1183,Glycine,mixed,1:2.07,48.6,6.9,6,83.3,59.07,-0.508,43.1,75.56
DES_1184,Urea,mixed,1:2.32,49.0,6.2,4,86.5,60.06,-0.976,69.1,75.13
DES_1185,Boric_acid,mixed,1:1.75,34.6,5.7,5,69.6,61.83,-2.052,60.7,65.35
DES_1186,Camphor,mixed,1:1.88,41.7,6.4,11,71.7,152.24,2.402,17.1,63.25
DES_1187,Lactic_acid,mixed,1:2.91,48.2,6.9,7,65.9,90.08,-0.548,57.5,78.2
DES_1188,Menthol,mixed,1:1.61,49.5,6.0,7,68.4,156.27,2.44,20.2,65.76
DES_1189,Betaine,mixed,1:1.63,46.5,5.8,10,89.7,117.15,-1.557,40.1,66.82
DES_1190,Ethylene_glycol,mixed,1:1.52,46.8,4.1,8,77.0,62.07,-1.029,40.5,68.2
DES_1191,Oxalic_acid,mixed,1:2.94,37.5,6.0,4,71.9,90.03,-0.844,74.6,70.24
DES_1192,Glucose,mixed,1:2.75,38.3,5.2,4,76.5,180.16,-3.379,118.2,64.53
DES_1193,Glycerol,mixed,1:1.04,36.1,6.8,6,67.6,92.09,-1.668,60.7,71.3
DES_1194,Lactic_acid,mixed,1:2.79,32.1,6.1,7,86.1,90.08,-0.548,57.5,68.39
DES_1195,Oxalic_acid,mixed,1:1.8,45.7,6.9,5,72.6,90.03,-0.844,74.6,66.67
DES_1196,Betaine,mixed,1:1.04,46.1,4.3,11,78.6,117.15,-1.557,40.1,63.95
DES_1197,Camphor,mixed,1:2.61,39.7,4.9,9,68.6,152.24,2.402,17.1,60.81
DES_1198,Tartaric_acid,mixed,1:1.11,47.4,4.9,4,66.7,150.09,-2.123,115.1,66.7
DES_1199,Glucose,mixed,1:1.58,33.0,4.7,11,75.6,180.16,-3.379,118.2,63.45
DES_1200,Proline,mixed,1:2.39,32.4,4.7,6,82.7,115.13,-0.177,49.3,64.68
DES_1201,Ethylene_glycol,mixed,1:1.58,41.5,4.2,5,72.2,62.07,-1.029,40.5,66.57
DES_1202,Glycerol,mixed,1:2.54,38.7,6.8,7,86.2,92.09,-1.668,60.7,69.97
DES_1203,Succinic_acid,mixed,1:2.96,48.5,6.7,9,71.0,118.09,-0.064,74.6,76.03
DES_1204,Glycine,mixed,1:1.59,44.7,6.6,5,62.9,59.07,-0.508,43.1,70.55
DES_1205,SnCl2,mixed,1:1.68,33.4,5.7,11,82.8,189.62,0.998,0.0,59.02
DES_1206,Tartaric_acid,mixed,1:2.41,45.9,5.9,5,81.3,150.09,-2.123,115.1,64.28
DES_1207,Acetic_acid,mixed,1:2.32,44.6,5.4,9,70.8,60.05,0.091,37.3,70.78
DES_1208,SnCl2,mixed,1:2.6,48.4,6.9,4,78.7,189.62,0.998,0.0,64.43
DES_1209,Choline_chloride,mixed,1:2.99,32.1,4.5,5,69.8,139.63,-3.311,20.2,54.15
DES_1210,Thymol,mixed,1:2.52,30.4,6.5,4,79.7,150.22,2.824,20.2,52.44
DES_1211,Succinic_acid,mixed,1:1.96,46.3,4.2,10,74.8,118.09,-0.064,74.6,68.38
DES_1212,MgCl2,mixed,1:1.84,38.0,4.1,6,89.3,95.21,0.998,0.0,62.76
DES_1213,Alanine,mixed,1:2.45,46.2,6.4,5,87.1,89.09,-0.582,63.3,75.07
DES_1214,Tartaric_acid,mixed,1:2.94,43.9,4.2,5,83.1,150.09,-2.123,115.1,68.41
DES_1215,Sucrose,mixed,1:2.66,49.1,6.1,5,60.6,342.3,-5.396,189.5,67.2
DES_1216,Boric_acid,mixed,1:1.43,30.8,4.6,5,70.1,61.83,-2.052,60.7,54.75
DES_1217,Malonic_acid,mixed,1:2.02,39.5,4.8,4,78.2,104.06,-0.454,74.6,64.94
DES_1218,CaCl2,mixed,1:1.16,33.4,4.2,4,65.5,110.98,0.998,0.0,57.07
DES_1219,MgCl2,mixed,1:1.41,38.8,4.2,10,63.8,95.21,0.998,0.0,66.76
DES_1220,Oxalic_acid,mixed,1:1.86,32.5,5.7,7,68.5,90.03,-0.844,74.6,67.52
DES_1221,MgCl2,mixed,1:1.97,39.3,6.4,10,76.6,95.21,0.998,0.0,64.17
DES_1222,Tartaric_acid,mixed,1:2.76,30.9,6.2,10,62.9,150.09,-2.123,115.1,62.04
DES_1223,Tartaric_acid,mixed,1:2.66,31.0,6.6,8,65.9,150.09,-2.123,115.1,63.06
DES_1224,Tartaric_acid,mixed,1:1.94,40.6,7.0,10,70.9,150.09,-2.123,115.1,66.98
DES_1225,Alanine,mixed,1:1.91,40.3,6.3,7,83.7,89.09,-0.582,63.3,68.46
DES_1226,Choline_chloride,mixed,1:1.95,43.8,5.8,8,74.1,139.63,-3.311,20.2,60.06
DES_1227,ZnCl2,mixed,1:1.34,34.5,5.7,7,75.4,136.3,1.377,0.0,61.17
DES_1228,Sucrose,mixed,1:2.66,41.2,6.0,9,68.7,342.3,-5.396,189.5,55.96
DES_1229,Sucrose,mixed,1:1.18,42.1,4.3,11,81.5,342.3,-5.396,189.5,59.22
DES_1230,Oxalic_acid,mixed,1:1.72,35.5,6.4,6,69.5,90.03,-0.844,74.6,72.87
DES_1231,CaCl2,mixed,1:2.17,40.8,5.4,5,60.1,110.98,0.998,0.0,63.37
DES_1232,Oxalic_acid,mixed,1:2.05,36.9,7.0,10,82.8,90.03,-0.844,74.6,66.26
DES_1233,Menthol,mixed,1:1.1,45.5,5.7,10,64.5,156.27,2.44,20.2,56.45
DES_1234,Menthol,mixed,1:1.02,32.6,4.9,4,89.6,156.27,2.44,20.2,57.7
DES_1235,Alanine,mixed,1:1.26,34.0,5.8,4,85.9,89.09,-0.582,63.3,67.42
DES_1236,Thymol,mixed,1:2.34,31.4,6.2,4,76.3,150.22,2.824,20.2,56.69
DES_1237,Glucose,mixed,1:1.36,43.8,5.7,10,63.5,180.16,-3.379,118.2,67.16
DES_1238,MgCl2,mixed,1:2.27,44.6,6.8,11,82.2,95.21,0.998,0.0,69.89
DES_1239,Menthol,mixed,1:1.76,49.1,5.0,11,87.0,156.27,2.44,20.2,63.9
DES_1240,Thymol,mixed,1:2.91,32.0,4.9,8,88.9,150.22,2.824,20.2,53.54
